part_id,type,participant_occupation,participant_occ_detail,participant_education,participant_edu_length,participant_school_year,participant_nationality,class_size,work_contacts,work_contacts_nr,child_care,child_relationship,child_nationality,problems
1,1,5,NA,3,12,NA,BE,NA,N,NA,NA,NA,NA,N
2,1,5,NA,7,15,NA,BE,NA,N,NA,NA,NA,NA,N
3,2,5,NA,NA,NA,8,BE,21,N,NA,NA,NA,NA,N
4,1,2,NA,3,12,NA,BE,NA,N,NA,NA,NA,NA,N
5,2,5,NA,NA,NA,5,BE,20,N,NA,NA,NA,NA,N
6,1,1,7,7,15,NA,BE,NA,Y,35,NA,NA,NA,N
7,1,1,7,2,9,NA,BE,NA,Y,50,NA,NA,NA,N
8,1,2,NA,1,6,NA,BE,NA,N,NA,NA,NA,NA,N
9,1,3,NA,3,12,NA,BE,NA,N,NA,NA,NA,NA,N
10,1,1,6,7,15,NA,BE,NA,N,NA,NA,NA,NA,N
11,2,5,NA,NA,NA,5,BE,26,N,NA,NA,NA,NA,N
12,1,1,7,3,12,NA,BE,NA,Y,30,NA,NA,NA,N
13,1,1,7,7,15,NA,BE,NA,Y,NA,NA,NA,NA,N
14,1,1,7,3,12,NA,BE,NA,N,NA,NA,NA,NA,N
15,1,1,7,3,12,NA,BE,NA,Y,50,NA,NA,NA,N
16,1,2,NA,7,15,NA,BE,NA,N,NA,NA,NA,NA,N
17,1,1,5,7,15,NA,BE,NA,Y,25,NA,NA,NA,N
18,1,3,NA,1,6,NA,BE,NA,N,NA,NA,NA,NA,N
19,1,1,7,7,15,NA,BE,NA,N,NA,NA,NA,NA,N
20,1,3,NA,4,12,NA,BE,NA,N,NA,NA,NA,NA,N
21,1,1,7,3,12,NA,BE,NA,N,NA,NA,NA,NA,N
22,1,4,NA,2,9,NA,BE,NA,N,NA,NA,NA,NA,N
23,1,2,NA,4,12,NA,BE,NA,N,NA,NA,NA,NA,N
24,1,2,NA,7,15,NA,BE,NA,N,NA,NA,NA,NA,Y
25,1,1,7,3,12,NA,BE,NA,Y,40,NA,NA,NA,N
26,1,1,7,7,15,NA,BE,NA,Y,3,NA,NA,NA,N
27,1,3,NA,4,12,NA,BE,NA,N,NA,NA,NA,NA,N
28,1,1,7,3,12,NA,BE,NA,Y,40,NA,NA,NA,N
29,1,1,8,4,12,NA,BE,NA,Y,35,NA,NA,NA,N
30,1,6,NA,7,15,NA,BE,NA,N,NA,NA,NA,NA,N
31,1,6,NA,4,12,NA,BE,NA,N,NA,NA,NA,NA,N
32,1,1,7,7,15,NA,BE,NA,Y,30,NA,NA,NA,N
33,1,3,NA,3,12,NA,BE,NA,N,NA,NA,NA,NA,N
34,1,3,NA,1,6,NA,BE,NA,N,NA,NA,NA,NA,N
35,1,1,7,7,15,NA,EU,NA,Y,40,NA,NA,NA,N
36,1,1,7,7,15,NA,BE,NA,Y,25,NA,NA,NA,N
37,1,1,7,7,15,NA,BE,NA,Y,NA,NA,NA,NA,N
38,1,2,NA,3,12,NA,BE,NA,N,NA,NA,NA,NA,N
39,1,1,5,7,15,NA,BE,NA,Y,10,NA,NA,NA,N
40,1,2,NA,7,15,NA,BE,NA,N,NA,NA,NA,NA,N
41,3,1,7,3,12,NA,BE,NA,NA,NA,Y,1,BE,N
42,1,2,NA,7,15,NA,BE,NA,N,NA,NA,NA,NA,N
43,2,5,NA,NA,NA,8,BE,23,N,NA,NA,NA,NA,N
44,1,2,NA,2,9,NA,BE,NA,N,NA,NA,NA,NA,N
45,1,2,NA,7,15,NA,BE,NA,N,NA,NA,NA,NA,N
46,1,3,NA,3,12,NA,BE,NA,N,NA,NA,NA,NA,N
47,1,4,NA,3,12,NA,BE,NA,N,NA,NA,NA,NA,N
48,2,5,NA,NA,NA,7,BE,NA,N,NA,NA,NA,NA,N
49,1,1,7,7,15,NA,BE,NA,Y,130,NA,NA,NA,N
50,1,2,NA,3,12,NA,BE,NA,N,NA,NA,NA,NA,N
51,1,1,6,7,15,NA,BE,NA,Y,10,NA,NA,NA,N
52,1,1,5,7,15,NA,BE,NA,Y,5,NA,NA,NA,N
53,1,2,NA,7,15,NA,BE,NA,N,NA,NA,NA,NA,N
54,1,1,8,3,12,NA,OT,NA,Y,60,NA,NA,NA,N
55,1,2,NA,2,9,NA,BE,NA,N,NA,NA,NA,NA,N
56,1,3,NA,4,12,NA,BE,NA,N,NA,NA,NA,NA,N
57,1,1,7,7,15,NA,BE,NA,N,NA,NA,NA,NA,N
58,1,1,7,7,15,NA,BE,NA,Y,30,NA,NA,NA,N
59,1,1,7,7,15,NA,BE,NA,N,NA,NA,NA,NA,N
60,1,1,7,7,15,NA,BE,NA,N,NA,NA,NA,NA,N
61,1,4,NA,7,15,NA,BE,NA,N,NA,NA,NA,NA,N
62,1,4,NA,3,12,NA,BE,NA,N,NA,NA,NA,NA,N
63,1,6,NA,7,15,NA,BE,NA,Y,90,NA,NA,NA,N
64,1,2,NA,2,9,NA,BE,NA,N,NA,NA,NA,NA,N
65,1,1,7,2,9,NA,BE,NA,Y,20,NA,NA,NA,N
66,1,2,NA,2,9,NA,BE,NA,N,NA,NA,NA,NA,N
67,1,2,NA,7,15,NA,BE,NA,N,NA,NA,NA,NA,N
68,1,6,NA,7,15,NA,BE,NA,N,NA,NA,NA,NA,N
69,1,1,8,4,12,NA,BE,NA,Y,80,NA,NA,NA,N
70,1,5,NA,3,12,NA,BE,NA,N,NA,NA,NA,NA,N
71,1,1,6,7,15,NA,BE,NA,Y,15,NA,NA,NA,N
72,3,1,8,3,12,NA,BE,NA,NA,NA,Y,2,BE,N
73,1,2,NA,2,9,NA,BE,NA,N,NA,NA,NA,NA,N
74,1,2,NA,4,12,NA,BE,NA,N,NA,NA,NA,NA,N
75,3,1,7,7,15,NA,BE,NA,NA,NA,Y,1,BE,N
76,1,5,NA,7,15,NA,BE,NA,N,NA,NA,NA,NA,N
77,1,1,7,7,15,NA,BE,NA,Y,10,NA,NA,NA,N
78,1,1,7,7,15,NA,BE,NA,Y,15,NA,NA,NA,N
79,1,4,NA,2,9,NA,BE,NA,N,NA,NA,NA,NA,N
80,1,2,NA,0,0,NA,BE,NA,N,NA,NA,NA,NA,N
81,1,2,NA,7,15,NA,BE,NA,N,NA,NA,NA,NA,N
82,1,4,NA,7,15,NA,BE,NA,N,NA,NA,NA,NA,N
83,1,3,NA,4,12,NA,BE,NA,N,NA,NA,NA,NA,N
84,1,3,NA,2,9,NA,BE,NA,N,NA,NA,NA,NA,N
85,1,1,7,7,15,NA,BE,NA,N,NA,NA,NA,NA,N
86,1,1,7,3,12,NA,BE,NA,Y,30,NA,NA,NA,N
87,1,1,7,7,15,NA,BE,NA,Y,22,NA,NA,NA,N
88,1,1,7,7,15,NA,BE,NA,N,NA,NA,NA,NA,N
89,1,1,7,2,9,NA,BE,NA,N,NA,NA,NA,NA,N
90,1,6,NA,7,15,NA,BE,NA,N,NA,NA,NA,NA,N
91,1,3,NA,7,15,NA,BE,NA,N,NA,NA,NA,NA,N
92,1,6,NA,2,9,NA,BE,NA,N,NA,NA,NA,NA,N
93,1,2,NA,3,12,NA,BE,NA,N,NA,NA,NA,NA,N
94,1,2,NA,2,9,NA,BE,NA,N,NA,NA,NA,NA,N
95,1,1,8,4,12,NA,BE,NA,Y,6,NA,NA,NA,N
96,1,1,7,3,12,NA,BE,NA,Y,15,NA,NA,NA,N
97,1,5,NA,3,12,NA,BE,NA,Y,20,NA,NA,NA,N
98,1,1,7,7,15,NA,BE,NA,Y,15,NA,NA,NA,N
99,1,1,7,3,12,NA,BE,NA,N,NA,NA,NA,NA,N
100,1,3,NA,3,12,NA,BE,NA,N,NA,NA,NA,NA,N
101,1,2,NA,7,15,NA,BE,NA,N,NA,NA,NA,NA,N
102,2,5,NA,NA,NA,6,BE,19,Y,25,NA,NA,NA,N
103,1,1,7,3,12,NA,BE,NA,Y,NA,NA,NA,NA,N
104,1,2,NA,7,15,NA,BE,NA,N,NA,NA,NA,NA,N
105,1,6,NA,7,15,NA,BE,NA,N,NA,NA,NA,NA,N
106,1,4,NA,7,15,NA,BE,NA,N,NA,NA,NA,NA,N
107,3,1,7,3,12,NA,BE,NA,NA,NA,Y,1,BE,N
108,1,1,7,3,12,NA,BE,NA,Y,30,NA,NA,NA,N
109,1,2,NA,7,15,NA,BE,NA,N,NA,NA,NA,NA,N
110,1,1,8,2,9,NA,BE,NA,N,NA,NA,NA,NA,N
111,1,1,7,3,12,NA,BE,NA,Y,30,NA,NA,NA,N
112,1,1,7,7,15,NA,BE,NA,Y,100,NA,NA,NA,N
113,1,1,7,7,15,NA,BE,NA,N,NA,NA,NA,NA,N
114,1,1,5,7,15,NA,BE,NA,Y,15,NA,NA,NA,N
115,1,3,NA,4,12,NA,BE,NA,N,NA,NA,NA,NA,N
116,1,1,5,3,12,NA,BE,NA,Y,35,NA,NA,NA,N
117,1,6,NA,7,15,NA,BE,NA,N,NA,NA,NA,NA,N
118,3,1,7,7,15,NA,BE,NA,NA,NA,N,1,BE,N
119,3,1,7,3,12,NA,BE,NA,NA,NA,Y,1,BE,N
120,1,1,7,7,15,NA,BE,NA,Y,20,NA,NA,NA,N
121,1,1,5,4,12,NA,BE,NA,N,NA,NA,NA,NA,N
122,1,1,8,3,12,NA,BE,NA,Y,20,NA,NA,NA,N
123,1,6,NA,2,9,NA,BE,NA,Y,25,NA,NA,NA,N
124,1,3,NA,3,12,NA,BE,NA,N,NA,NA,NA,NA,N
125,1,1,7,7,15,NA,BE,NA,Y,10,NA,NA,NA,N
126,1,1,7,7,15,NA,BE,NA,Y,50,NA,NA,NA,N
127,1,5,NA,1,6,NA,BE,NA,Y,15,NA,NA,NA,N
128,1,1,7,7,15,NA,BE,NA,Y,NA,NA,NA,NA,N
129,1,1,7,3,12,NA,BE,NA,Y,12,NA,NA,NA,N
130,1,1,7,2,9,NA,BE,NA,Y,150,NA,NA,NA,N
132,1,3,NA,1,6,NA,BE,NA,N,NA,NA,NA,NA,N
133,1,2,NA,4,12,NA,BE,NA,N,NA,NA,NA,NA,N
134,1,4,NA,7,15,NA,BE,NA,Y,3,NA,NA,NA,N
135,1,6,NA,2,9,NA,BE,NA,N,NA,NA,NA,NA,N
136,3,1,7,7,15,NA,EU,NA,NA,NA,N,1,BE,N
137,1,1,7,7,15,NA,BE,NA,Y,40,NA,NA,NA,N
138,1,6,NA,3,12,NA,BE,NA,Y,40,NA,NA,NA,N
139,1,6,NA,3,12,NA,EU,NA,Y,NA,NA,NA,NA,N
140,1,1,7,7,15,NA,BE,NA,N,NA,NA,NA,NA,N
141,1,1,6,7,15,NA,BE,NA,Y,30,NA,NA,NA,Y
142,1,1,7,3,12,NA,BE,NA,Y,200,NA,NA,NA,N
143,1,1,7,7,15,NA,BE,NA,Y,NA,NA,NA,NA,N
144,1,1,5,3,12,NA,BE,NA,Y,40,NA,NA,NA,N
145,2,5,NA,NA,NA,10,BE,20,N,NA,NA,NA,NA,N
146,3,1,7,7,15,NA,BE,NA,NA,NA,Y,1,BE,Y
147,1,1,5,7,15,NA,BE,NA,Y,50,NA,NA,NA,N
148,1,1,6,7,15,NA,BE,NA,N,NA,NA,NA,NA,N
149,2,5,NA,NA,NA,11,BE,28,N,NA,NA,NA,NA,N
150,1,1,7,7,15,NA,BE,NA,Y,20,NA,NA,NA,N
151,1,1,8,2,9,NA,BE,NA,N,NA,NA,NA,NA,N
152,1,5,NA,3,12,NA,BE,NA,Y,40,NA,NA,NA,N
153,1,1,7,7,15,NA,BE,NA,Y,30,NA,NA,NA,N
154,3,1,7,7,15,NA,BE,NA,NA,NA,Y,1,BE,N
155,1,5,NA,3,12,NA,BE,NA,N,NA,NA,NA,NA,N
156,1,3,NA,4,12,NA,BE,NA,N,NA,NA,NA,NA,N
157,1,2,NA,3,12,NA,BE,NA,Y,40,NA,NA,NA,N
158,1,5,NA,7,15,NA,BE,NA,Y,10,NA,NA,NA,N
159,1,1,6,7,15,NA,BE,NA,Y,10,NA,NA,NA,N
160,1,1,7,3,12,NA,BE,NA,Y,15,NA,NA,NA,N
161,1,1,7,7,15,NA,BE,NA,Y,20,NA,NA,NA,N
162,1,4,NA,2,9,NA,BE,NA,N,NA,NA,NA,NA,N
163,1,1,7,7,15,NA,BE,NA,Y,NA,NA,NA,NA,N
164,1,3,NA,2,9,NA,BE,NA,N,NA,NA,NA,NA,N
165,1,2,NA,7,15,NA,BE,NA,N,NA,NA,NA,NA,N
170,1,1,5,4,12,NA,BE,NA,Y,25,NA,NA,NA,N
190,1,1,7,7,15,NA,EU,NA,N,NA,NA,NA,NA,N
195,1,1,8,4,12,NA,BE,NA,Y,15,NA,NA,NA,N
199,1,1,7,3,12,NA,BE,NA,N,NA,NA,NA,NA,N
205,1,2,NA,4,12,NA,BE,NA,N,NA,NA,NA,NA,N
206,1,3,NA,2,9,NA,BE,NA,N,NA,NA,NA,NA,N
207,1,1,8,1,6,NA,BE,NA,Y,15,NA,NA,NA,N
208,1,5,NA,7,15,NA,BE,NA,Y,30,NA,NA,NA,N
209,1,1,7,3,12,NA,BE,NA,Y,40,NA,NA,NA,N
210,1,2,NA,2,9,NA,BE,NA,N,NA,NA,NA,NA,N
211,1,4,NA,3,12,NA,BE,NA,N,NA,NA,NA,NA,N
212,1,5,NA,3,12,NA,BE,NA,Y,35,NA,NA,NA,N
213,1,5,NA,7,15,NA,BE,NA,Y,25,NA,NA,NA,N
215,1,4,NA,7,15,NA,BE,NA,N,NA,NA,NA,NA,N
217,1,2,NA,3,12,NA,BE,NA,N,NA,NA,NA,NA,Y
218,1,1,7,7,15,NA,BE,NA,Y,10,NA,NA,NA,N
220,1,1,7,4,12,NA,BE,NA,Y,15,NA,NA,NA,N
221,1,2,NA,7,15,NA,BE,NA,N,NA,NA,NA,NA,N
222,1,6,NA,2,9,NA,EU,NA,N,NA,NA,NA,NA,N
223,1,5,NA,3,12,NA,BE,NA,N,NA,NA,NA,NA,N
224,1,6,NA,0,0,NA,BE,NA,Y,NA,NA,NA,NA,N
226,1,1,7,2,9,NA,BE,NA,Y,40,NA,NA,NA,N
227,1,1,7,3,12,NA,BE,NA,Y,20,NA,NA,NA,N
228,1,4,NA,2,9,NA,BE,NA,N,NA,NA,NA,NA,N
229,1,2,NA,4,12,NA,BE,NA,N,NA,NA,NA,NA,N
230,1,1,7,2,9,NA,BE,NA,Y,50,NA,NA,NA,N
231,1,3,NA,3,12,NA,BE,NA,N,NA,NA,NA,NA,N
233,1,5,NA,3,12,NA,BE,NA,N,NA,NA,NA,NA,N
235,1,3,NA,2,9,NA,BE,NA,N,NA,NA,NA,NA,N
236,1,6,NA,2,9,NA,BE,NA,N,NA,NA,NA,NA,N
237,1,2,NA,7,15,NA,BE,NA,N,NA,NA,NA,NA,N
238,1,4,NA,4,12,NA,BE,NA,Y,20,NA,NA,NA,N
243,1,4,NA,7,15,NA,BE,NA,N,NA,NA,NA,NA,N
244,1,4,NA,1,6,NA,BE,NA,N,NA,NA,NA,NA,N
245,1,5,NA,3,12,NA,BE,NA,N,NA,NA,NA,NA,N
246,1,1,8,2,9,NA,BE,NA,Y,35,NA,NA,NA,N
248,1,1,8,3,12,NA,BE,NA,N,NA,NA,NA,NA,N
249,1,1,7,7,15,NA,BE,NA,Y,10,NA,NA,NA,N
250,1,2,NA,3,12,NA,BE,NA,N,NA,NA,NA,NA,N
251,1,4,NA,7,15,NA,BE,NA,Y,10,NA,NA,NA,N
252,1,5,NA,3,12,NA,BE,NA,Y,NA,NA,NA,NA,N
253,1,1,7,7,15,NA,BE,NA,Y,50,NA,NA,NA,N
254,1,3,NA,4,12,NA,BE,NA,N,NA,NA,NA,NA,N
255,1,3,NA,1,6,NA,BE,NA,N,NA,NA,NA,NA,N
256,1,5,NA,3,12,NA,BE,NA,N,NA,NA,NA,NA,N
257,1,5,NA,3,12,NA,BE,NA,N,NA,NA,NA,NA,N
258,1,1,7,4,12,NA,BE,NA,Y,8,NA,NA,NA,N
259,1,2,NA,3,12,NA,BE,NA,N,NA,NA,NA,NA,N
260,1,2,NA,4,12,NA,BE,NA,N,NA,NA,NA,NA,N
263,1,1,8,3,12,NA,BE,NA,N,NA,NA,NA,NA,N
265,1,2,NA,2,9,NA,BE,NA,N,NA,NA,NA,NA,N
266,1,1,5,3,12,NA,BE,NA,Y,2,NA,NA,NA,N
268,1,2,NA,7,15,NA,BE,NA,N,NA,NA,NA,NA,N
269,1,2,NA,7,15,NA,BE,NA,N,NA,NA,NA,NA,N
270,1,1,5,7,15,NA,BE,NA,Y,12,NA,NA,NA,N
271,1,1,7,7,15,NA,BE,NA,Y,NA,NA,NA,NA,Y
272,1,1,7,7,15,NA,BE,NA,Y,40,NA,NA,NA,N
273,2,5,NA,NA,NA,7,BE,21,N,NA,NA,NA,NA,N
274,2,5,NA,NA,NA,7,BE,21,N,NA,NA,NA,NA,N
275,2,5,NA,NA,NA,10,BE,25,N,NA,NA,NA,NA,N
276,2,5,NA,NA,NA,8,BE,20,N,NA,NA,NA,NA,N
277,2,5,NA,NA,NA,11,BE,20,N,NA,NA,NA,NA,N
278,2,5,NA,NA,NA,6,BE,22,Y,45,NA,NA,NA,N
279,2,5,NA,0,0,5,BE,29,N,NA,NA,NA,NA,N
280,2,5,NA,NA,NA,5,BE,22,N,NA,NA,NA,NA,N
281,2,5,NA,NA,NA,9,BE,21,N,NA,NA,NA,NA,Y
282,2,5,NA,NA,NA,9,BE,24,N,NA,NA,NA,NA,N
285,2,5,NA,NA,NA,9,BE,25,Y,28,NA,NA,NA,N
287,2,5,NA,NA,NA,4,BE,28,N,NA,NA,NA,NA,N
288,2,5,NA,NA,NA,11,BE,18,Y,30,NA,NA,NA,N
289,2,5,NA,NA,NA,3,BE,30,N,NA,NA,NA,NA,N
290,2,5,NA,NA,NA,3,BE,19,N,NA,NA,NA,NA,N
291,2,5,NA,NA,NA,10,BE,21,N,NA,NA,NA,NA,N
293,2,5,NA,NA,NA,11,BE,23,Y,25,NA,NA,NA,N
295,2,5,NA,NA,NA,9,BE,21,N,NA,NA,NA,NA,N
297,2,5,NA,NA,NA,5,BE,26,N,NA,NA,NA,NA,N
298,2,5,NA,NA,NA,9,BE,24,N,NA,NA,NA,NA,N
300,2,5,NA,NA,NA,12,BE,20,Y,50,NA,NA,NA,N
301,2,5,NA,NA,NA,10,BE,20,Y,50,NA,NA,NA,N
302,2,5,NA,NA,NA,9,BE,18,N,NA,NA,NA,NA,N
306,2,5,NA,NA,NA,3,BE,26,N,NA,NA,NA,NA,N
307,2,5,NA,NA,NA,9,BE,NA,N,NA,NA,NA,NA,N
308,2,5,NA,NA,NA,6,BE,23,Y,50,NA,NA,NA,N
310,2,5,NA,NA,NA,10,BE,14,N,NA,NA,NA,NA,N
311,2,5,NA,NA,NA,7,BE,18,N,NA,NA,NA,NA,N
312,2,5,NA,NA,NA,7,BE,16,N,NA,NA,NA,NA,N
314,2,5,NA,NA,NA,0,BE,15,N,NA,NA,NA,NA,N
315,2,5,NA,NA,NA,7,BE,19,Y,30,NA,NA,NA,Y
316,2,5,NA,NA,NA,5,BE,17,N,NA,NA,NA,NA,N
317,2,5,NA,NA,NA,4,BE,26,N,NA,NA,NA,NA,N
320,2,5,NA,NA,NA,8,BE,24,N,NA,NA,NA,NA,N
321,2,5,NA,NA,NA,6,BE,23,N,NA,NA,NA,NA,N
323,2,5,NA,NA,NA,6,BE,25,N,NA,NA,NA,NA,N
324,2,5,NA,NA,NA,7,BE,9,N,NA,NA,NA,NA,N
327,2,5,NA,NA,NA,11,BE,21,N,NA,NA,NA,NA,N
328,2,5,NA,NA,NA,8,BE,16,Y,30,NA,NA,NA,N
329,2,5,NA,NA,NA,7,BE,20,N,NA,NA,NA,NA,N
330,2,5,NA,NA,NA,3,BE,18,N,NA,NA,NA,NA,N
332,2,5,NA,NA,NA,10,BE,25,N,NA,NA,NA,NA,N
334,2,5,NA,NA,NA,5,BE,21,N,NA,NA,NA,NA,N
336,2,5,NA,NA,NA,9,BE,13,N,NA,NA,NA,NA,N
338,2,5,NA,NA,NA,6,BE,24,N,NA,NA,NA,NA,N
339,2,5,NA,NA,NA,10,BE,19,N,NA,NA,NA,NA,N
340,2,5,NA,NA,NA,7,BE,13,N,NA,NA,NA,NA,N
341,2,5,NA,NA,NA,4,BE,24,N,NA,NA,NA,NA,N
342,2,5,NA,NA,NA,10,BE,20,N,NA,NA,NA,NA,N
344,2,5,NA,NA,NA,11,BE,19,N,NA,NA,NA,NA,N
345,2,5,NA,NA,NA,10,BE,16,Y,30,NA,NA,NA,N
346,2,5,NA,NA,NA,9,BE,21,N,NA,NA,NA,NA,N
347,2,5,NA,NA,NA,6,BE,17,N,NA,NA,NA,NA,N
348,2,5,NA,NA,NA,9,BE,19,N,NA,NA,NA,NA,N
349,2,5,NA,NA,NA,4,BE,14,N,NA,NA,NA,NA,N
350,2,5,NA,NA,NA,14,BE,NA,N,NA,NA,NA,NA,N
351,2,5,NA,NA,NA,6,BE,19,N,NA,NA,NA,NA,N
353,2,5,NA,NA,NA,7,BE,23,N,NA,NA,NA,NA,N
354,2,5,NA,NA,NA,9,BE,23,N,NA,NA,NA,NA,N
355,2,5,NA,NA,NA,7,BE,18,N,NA,NA,NA,NA,N
356,2,5,NA,NA,NA,10,BE,20,N,NA,NA,NA,NA,N
357,2,5,NA,NA,NA,5,BE,21,N,NA,NA,NA,NA,N
358,2,5,NA,NA,NA,10,BE,17,N,NA,NA,NA,NA,N
359,2,5,NA,NA,NA,4,BE,15,N,NA,NA,NA,NA,N
361,2,5,NA,NA,NA,6,BE,25,N,NA,NA,NA,NA,N
363,2,5,NA,NA,NA,5,BE,22,N,NA,NA,NA,NA,N
364,2,5,NA,NA,NA,4,BE,21,N,NA,NA,NA,NA,N
365,2,5,NA,NA,NA,11,BE,20,N,NA,NA,NA,NA,N
367,2,5,NA,NA,NA,11,BE,14,N,NA,NA,NA,NA,N
369,3,1,7,7,15,NA,BE,NA,NA,NA,Y,2,BE,N
370,3,1,7,3,12,NA,BE,NA,NA,NA,Y,1,BE,N
371,3,1,7,2,9,NA,BE,NA,NA,NA,Y,1,BE,N
372,3,1,7,3,12,NA,BE,NA,NA,NA,Y,1,BE,Y
374,3,1,7,7,15,NA,BE,NA,NA,NA,N,2,BE,N
375,3,1,8,NA,NA,NA,BE,NA,NA,NA,Y,1,BE,N
376,3,1,5,7,15,NA,BE,NA,NA,NA,Y,2,BE,N
379,3,1,6,7,15,NA,BE,NA,NA,NA,Y,1,BE,N
380,3,1,7,7,15,NA,BE,NA,NA,NA,Y,1,BE,N
381,3,1,7,3,12,NA,BE,NA,NA,NA,Y,1,BE,N
382,3,1,7,7,15,NA,BE,NA,NA,NA,Y,1,BE,N
383,3,1,7,7,15,NA,BE,NA,NA,NA,Y,2,BE,N
384,3,1,7,7,15,NA,BE,NA,NA,NA,Y,1,BE,N
385,3,4,NA,2,9,NA,BE,NA,NA,NA,Y,2,BE,N
386,3,1,5,7,15,NA,BE,NA,NA,NA,Y,1,BE,N
387,3,6,NA,7,15,NA,BE,NA,NA,NA,Y,1,BE,N
388,3,1,8,3,12,NA,BE,NA,NA,NA,Y,2,BE,N
389,3,1,8,7,15,NA,BE,NA,NA,NA,Y,1,BE,N
390,3,1,7,7,15,NA,BE,NA,NA,NA,Y,2,BE,N
391,3,1,7,3,12,NA,BE,NA,NA,NA,Y,1,BE,N
393,3,1,7,3,12,NA,BE,NA,NA,NA,Y,1,BE,N
394,3,1,5,7,15,NA,BE,NA,NA,NA,Y,1,BE,N
395,3,1,7,3,12,NA,BE,NA,NA,NA,Y,1,BE,Y
396,3,1,5,7,15,NA,BE,NA,NA,NA,Y,1,BE,N
399,3,1,7,3,12,NA,BE,NA,NA,NA,N,1,BE,N
400,3,1,7,3,12,NA,BE,NA,NA,NA,N,1,BE,N
402,3,4,NA,7,15,NA,BE,NA,NA,NA,Y,1,BE,N
403,3,6,NA,7,15,NA,BE,NA,NA,NA,Y,1,BE,N
404,3,3,NA,7,15,NA,BE,NA,NA,NA,Y,1,BE,N
405,3,1,7,3,12,NA,BE,NA,NA,NA,Y,1,BE,N
406,3,1,6,7,15,NA,BE,NA,NA,NA,Y,1,BE,N
407,3,1,7,3,12,NA,BE,NA,NA,NA,Y,1,BE,N
408,3,6,NA,7,15,NA,BE,NA,NA,NA,Y,1,BE,N
409,3,1,5,7,15,NA,BE,NA,NA,NA,Y,1,BE,N
410,3,1,8,3,12,NA,BE,NA,NA,NA,Y,1,BE,N
411,3,1,7,7,15,NA,BE,NA,NA,NA,Y,2,BE,N
412,3,1,7,7,15,NA,BE,NA,NA,NA,Y,1,BE,N
415,3,1,7,7,15,NA,BE,NA,NA,NA,Y,1,BE,N
416,3,1,5,3,12,NA,BE,NA,NA,NA,Y,1,BE,N
417,3,4,NA,7,15,NA,BE,NA,NA,NA,Y,1,BE,N
418,3,1,7,7,15,NA,BE,NA,NA,NA,Y,2,BE,N
419,3,1,7,3,12,NA,BE,NA,NA,NA,Y,1,BE,Y
420,3,1,7,7,15,NA,BE,NA,NA,NA,Y,1,BE,N
421,3,1,7,7,15,NA,BE,NA,NA,NA,Y,1,BE,N
422,3,1,8,4,12,NA,BE,NA,NA,NA,Y,1,BE,N
423,3,1,7,7,15,NA,BE,NA,NA,NA,Y,1,BE,N
424,3,3,NA,7,15,NA,BE,NA,NA,NA,Y,1,BE,N
425,3,1,5,7,15,NA,BE,NA,NA,NA,Y,1,BE,N
426,3,1,7,7,15,NA,EU,NA,NA,NA,Y,1,BE,N
427,3,1,7,3,12,NA,BE,NA,NA,NA,Y,1,BE,N
428,3,1,7,7,15,NA,BE,NA,NA,NA,Y,1,BE,N
429,3,1,7,2,9,NA,BE,NA,NA,NA,Y,1,BE,N
430,3,1,8,4,12,NA,BE,NA,NA,NA,Y,1,BE,N
431,3,1,7,3,12,NA,BE,NA,NA,NA,Y,1,BE,N
432,3,1,5,7,15,NA,BE,NA,NA,NA,Y,1,BE,N
433,3,1,7,3,12,NA,BE,NA,NA,NA,Y,2,BE,N
434,3,6,NA,7,15,NA,BE,NA,NA,NA,Y,2,BE,N
435,3,1,7,7,15,NA,BE,NA,NA,NA,Y,1,BE,N
436,3,1,7,7,15,NA,BE,NA,NA,NA,Y,1,BE,N
437,3,1,7,7,15,NA,BE,NA,NA,NA,Y,1,BE,N
438,3,1,7,7,15,NA,BE,NA,NA,NA,Y,1,BE,N
439,3,1,7,7,15,NA,BE,NA,NA,NA,N,1,BE,N
441,3,1,6,7,15,NA,BE,NA,NA,NA,Y,2,BE,N
444,3,1,7,7,15,NA,BE,NA,NA,NA,N,1,BE,N
445,3,1,7,7,15,NA,BE,NA,NA,NA,Y,1,BE,N
446,3,1,5,3,12,NA,BE,NA,NA,NA,Y,1,BE,N
447,3,1,5,3,12,NA,BE,NA,NA,NA,Y,1,BE,N
448,3,1,7,3,12,NA,BE,NA,NA,NA,Y,1,BE,N
450,3,1,7,3,12,NA,BE,NA,NA,NA,Y,1,BE,N
452,3,1,7,3,12,NA,BE,NA,NA,NA,Y,4,BE,N
454,3,1,7,3,12,NA,BE,NA,NA,NA,Y,1,BE,N
456,3,1,7,3,12,NA,BE,NA,NA,NA,Y,1,BE,N
457,3,1,7,7,15,NA,BE,NA,NA,NA,N,2,BE,N
459,3,1,7,7,15,NA,BE,NA,NA,NA,Y,1,BE,N
462,3,3,NA,3,12,NA,BE,NA,NA,NA,N,1,BE,N
464,3,1,7,3,12,NA,BE,NA,NA,NA,Y,1,BE,N
501,1,1,7,3,12,NA,BE,NA,Y,50,NA,NA,NA,N
502,1,1,7,7,15,NA,BE,NA,Y,30,NA,NA,NA,N
503,1,4,NA,4,12,NA,BE,NA,N,NA,NA,NA,NA,N
504,1,1,5,7,15,NA,BE,NA,Y,5,NA,NA,NA,N
505,1,2,NA,7,15,NA,BE,NA,N,NA,NA,NA,NA,N
506,1,3,NA,7,15,NA,BE,NA,N,NA,NA,NA,NA,N
507,1,1,7,4,12,NA,EU,NA,Y,30,NA,NA,NA,N
509,1,1,7,3,12,NA,BE,NA,Y,NA,NA,NA,NA,N
512,1,6,NA,3,12,NA,BE,NA,N,NA,NA,NA,NA,N
513,1,2,NA,3,12,NA,BE,NA,N,NA,NA,NA,NA,N
515,1,6,NA,3,12,NA,BE,NA,N,NA,NA,NA,NA,N
516,1,2,NA,7,15,NA,BE,NA,N,NA,NA,NA,NA,N
518,1,1,7,7,15,NA,BE,NA,Y,10,NA,NA,NA,N
520,1,6,NA,3,12,NA,BE,NA,Y,NA,NA,NA,NA,N
521,1,1,5,3,12,NA,BE,NA,Y,10,NA,NA,NA,N
522,1,1,7,7,15,NA,BE,NA,N,NA,NA,NA,NA,N
523,1,1,7,7,15,NA,BE,NA,Y,10,NA,NA,NA,N
525,1,6,NA,7,15,NA,EU,NA,N,NA,NA,NA,NA,N
526,1,2,NA,1,6,NA,BE,NA,N,NA,NA,NA,NA,Y
529,1,1,7,7,15,NA,BE,NA,N,NA,NA,NA,NA,N
530,1,3,NA,7,15,NA,BE,NA,N,NA,NA,NA,NA,Y
531,1,1,6,7,15,NA,BE,NA,Y,10,NA,NA,NA,N
533,1,1,8,4,12,NA,BE,NA,Y,25,NA,NA,NA,N
534,1,2,NA,7,15,NA,BE,NA,N,NA,NA,NA,NA,N
535,1,1,7,4,12,NA,BE,NA,Y,6,NA,NA,NA,N
536,1,3,NA,7,15,NA,BE,NA,N,NA,NA,NA,NA,N
538,1,1,6,7,15,NA,BE,NA,Y,NA,NA,NA,NA,N
539,1,1,6,7,15,NA,BE,NA,N,NA,NA,NA,NA,N
540,1,2,NA,2,9,NA,BE,NA,N,NA,NA,NA,NA,N
541,1,2,NA,7,15,NA,BE,NA,N,NA,NA,NA,NA,N
542,1,3,NA,7,15,NA,BE,NA,N,NA,NA,NA,NA,N
543,1,1,7,7,15,NA,EU,NA,Y,12,NA,NA,NA,Y
544,1,1,7,7,15,NA,BE,NA,Y,35,NA,NA,NA,N
547,1,2,NA,4,12,NA,BE,NA,N,NA,NA,NA,NA,N
548,1,3,NA,1,6,NA,BE,NA,N,NA,NA,NA,NA,N
551,1,2,NA,1,6,NA,BE,NA,N,NA,NA,NA,NA,N
552,1,4,NA,3,12,NA,BE,NA,Y,15,NA,NA,NA,N
553,1,2,NA,4,12,NA,BE,NA,N,NA,NA,NA,NA,N
554,1,3,NA,3,12,NA,BE,NA,N,NA,NA,NA,NA,N
555,1,1,7,3,12,NA,BE,NA,N,NA,NA,NA,NA,N
556,1,2,NA,7,15,NA,BE,NA,N,NA,NA,NA,NA,N
557,1,3,NA,3,12,NA,BE,NA,N,NA,NA,NA,NA,N
559,1,1,8,3,12,NA,BE,NA,Y,25,NA,NA,NA,N
560,1,1,7,7,15,NA,BE,NA,Y,30,NA,NA,NA,N
562,1,1,7,7,15,NA,BE,NA,N,NA,NA,NA,NA,N
563,1,4,NA,3,12,NA,BE,NA,N,NA,NA,NA,NA,N
564,1,2,NA,7,15,NA,BE,NA,N,NA,NA,NA,NA,N
565,1,3,NA,3,12,NA,BE,NA,N,NA,NA,NA,NA,N
567,1,4,NA,7,15,NA,BE,NA,N,NA,NA,NA,NA,N
568,1,1,7,4,12,NA,BE,NA,Y,10,NA,NA,NA,N
569,1,2,NA,3,12,NA,BE,NA,N,NA,NA,NA,NA,N
570,1,1,5,3,12,NA,BE,NA,N,NA,NA,NA,NA,N
571,1,2,NA,2,9,NA,BE,NA,N,NA,NA,NA,NA,N
574,1,1,7,2,9,NA,BE,NA,Y,15,NA,NA,NA,N
576,1,2,NA,7,15,NA,BE,NA,N,NA,NA,NA,NA,N
577,1,3,NA,7,15,NA,BE,NA,N,NA,NA,NA,NA,N
578,1,2,NA,3,12,NA,EU,NA,N,NA,NA,NA,NA,N
579,1,5,NA,3,12,NA,BE,NA,Y,15,NA,NA,NA,N
580,1,5,NA,3,12,NA,BE,NA,Y,100,NA,NA,NA,N
581,1,3,NA,7,15,NA,BE,NA,N,NA,NA,NA,NA,N
701,2,5,NA,NA,NA,10,BE,18,N,NA,NA,NA,NA,N
702,2,5,NA,NA,NA,10,BE,28,N,NA,NA,NA,NA,N
703,2,5,NA,NA,NA,6,BE,NA,N,NA,NA,NA,NA,N
704,2,5,NA,NA,NA,9,BE,17,N,NA,NA,NA,NA,N
706,2,5,NA,NA,NA,7,BE,20,N,NA,NA,NA,NA,N
709,2,5,NA,NA,NA,9,BE,24,N,NA,NA,NA,NA,N
710,2,5,NA,NA,NA,10,OT,18,N,NA,NA,NA,NA,N
711,2,5,NA,NA,NA,4,BE,NA,N,NA,NA,NA,NA,N
712,2,5,NA,NA,NA,6,BE,23,N,NA,NA,NA,NA,N
716,2,5,NA,NA,NA,11,BE,NA,N,NA,NA,NA,NA,N
719,2,5,NA,NA,NA,6,BE,20,N,NA,NA,NA,NA,N
721,2,5,NA,NA,NA,10,BE,28,N,NA,NA,NA,NA,N
722,2,5,NA,NA,NA,3,BE,23,N,NA,NA,NA,NA,N
723,2,5,NA,NA,NA,8,BE,22,N,NA,NA,NA,NA,N
725,2,5,NA,NA,NA,10,BE,23,N,NA,NA,NA,NA,N
727,2,5,NA,NA,NA,7,BE,NA,N,NA,NA,NA,NA,N
730,2,5,NA,NA,NA,5,BE,14,N,NA,NA,NA,NA,N
732,2,5,NA,NA,NA,11,BE,16,Y,50,NA,NA,NA,N
733,2,5,NA,NA,NA,11,BE,22,N,NA,NA,NA,NA,N
736,2,5,NA,NA,NA,11,BE,23,N,NA,NA,NA,NA,N
737,2,5,NA,NA,NA,7,BE,15,N,NA,NA,NA,NA,N
738,2,5,NA,NA,NA,8,BE,20,N,NA,NA,NA,NA,N
739,1,6,NA,3,12,NA,BE,NA,N,NA,NA,NA,NA,N
740,2,5,NA,NA,NA,3,BE,27,N,NA,NA,NA,NA,N
742,2,5,NA,NA,NA,5,BE,24,N,NA,NA,NA,NA,Y
743,2,5,NA,NA,NA,5,BE,12,N,NA,NA,NA,NA,N
746,2,5,NA,NA,NA,-1,BE,18,N,NA,NA,NA,NA,N
747,2,5,NA,NA,NA,5,BE,15,N,NA,NA,NA,NA,N
748,2,5,NA,NA,NA,5,BE,22,N,NA,NA,NA,NA,N
749,2,5,NA,NA,NA,3,BE,23,N,NA,NA,NA,NA,N
750,2,5,NA,NA,NA,10,BE,19,N,NA,NA,NA,NA,N
752,2,5,NA,NA,NA,7,BE,21,N,NA,NA,NA,NA,N
753,2,5,NA,NA,NA,5,BE,17,N,NA,NA,NA,NA,N
754,2,5,NA,NA,NA,11,BE,16,N,NA,NA,NA,NA,N
756,2,5,NA,NA,NA,6,BE,19,N,NA,NA,NA,NA,N
757,2,5,NA,NA,NA,9,BE,20,N,NA,NA,NA,NA,N
758,2,5,NA,NA,NA,6,BE,17,N,NA,NA,NA,NA,N
759,2,5,NA,NA,NA,10,BE,22,N,NA,NA,NA,NA,N
760,2,5,NA,NA,NA,11,BE,10,N,NA,NA,NA,NA,N
761,2,5,NA,NA,NA,7,BE,20,N,NA,NA,NA,NA,N
762,2,5,NA,NA,NA,10,BE,20,N,NA,NA,NA,NA,N
763,2,5,NA,NA,NA,8,BE,22,N,NA,NA,NA,NA,N
764,2,5,NA,NA,NA,10,BE,13,N,NA,NA,NA,NA,N
765,2,5,NA,NA,NA,5,BE,17,N,NA,NA,NA,NA,N
766,2,5,NA,NA,NA,10,BE,9,N,NA,NA,NA,NA,N
767,2,5,NA,NA,NA,10,BE,17,N,NA,NA,NA,NA,N
768,2,5,NA,NA,NA,7,BE,21,N,NA,NA,NA,NA,N
769,2,5,NA,NA,NA,9,BE,20,N,NA,NA,NA,NA,N
770,2,5,NA,NA,NA,4,BE,21,N,NA,NA,NA,NA,N
771,2,5,NA,NA,NA,7,BE,18,N,NA,NA,NA,NA,N
772,2,5,NA,NA,NA,11,BE,21,N,NA,NA,NA,NA,N
773,2,5,NA,NA,NA,5,BE,22,N,NA,NA,NA,NA,N
774,2,5,NA,NA,NA,7,BE,22,N,NA,NA,NA,NA,N
801,3,1,7,7,15,NA,BE,NA,NA,NA,Y,1,BE,N
802,3,1,6,7,15,NA,BE,NA,NA,NA,Y,2,BE,Y
803,3,3,NA,3,12,NA,BE,NA,NA,NA,N,1,BE,N
804,3,1,7,7,15,NA,BE,NA,NA,NA,Y,1,BE,N
805,3,1,8,4,12,NA,EU,NA,NA,NA,Y,2,BE,N
806,3,1,7,7,15,NA,EU,NA,NA,NA,Y,1,BE,N
807,3,1,7,7,15,NA,BE,NA,NA,NA,Y,1,BE,N
808,3,6,NA,3,12,NA,BE,NA,NA,NA,Y,1,BE,N
810,3,1,7,7,15,NA,BE,NA,NA,NA,Y,1,BE,Y
811,2,5,NA,NA,NA,3,BE,NA,N,NA,NA,NA,NA,N
813,3,1,7,3,12,NA,BE,NA,NA,NA,Y,2,BE,N
816,3,4,NA,7,15,NA,EU,NA,NA,NA,Y,1,BE,N
822,3,4,NA,4,12,NA,BE,NA,NA,NA,N,1,BE,N
824,3,4,NA,7,15,NA,BE,NA,NA,NA,Y,1,BE,N
825,3,1,7,7,15,NA,EU,NA,NA,NA,Y,2,EU,N
826,3,1,5,7,15,NA,BE,NA,NA,NA,Y,1,BE,N
827,3,4,NA,4,12,NA,BE,NA,NA,NA,N,1,BE,N
828,3,1,7,2,9,NA,BE,NA,NA,NA,Y,1,BE,N
829,3,4,NA,3,12,NA,BE,NA,NA,NA,N,1,BE,N
830,3,1,7,7,15,NA,BE,NA,NA,NA,N,1,BE,N
832,3,3,NA,3,12,NA,BE,NA,NA,NA,N,1,BE,N
833,3,3,NA,3,12,NA,BE,NA,NA,NA,N,1,BE,N
834,3,1,7,7,15,NA,BE,NA,NA,NA,Y,2,BE,N
837,3,3,NA,2,9,NA,BE,NA,NA,NA,N,1,BE,N
839,3,1,7,3,12,NA,BE,NA,NA,NA,Y,1,BE,N
840,3,4,NA,2,9,NA,BE,NA,NA,NA,Y,1,BE,N
843,3,3,NA,3,12,NA,BE,NA,NA,NA,N,1,BE,N
845,3,1,7,3,12,NA,BE,NA,NA,NA,Y,1,BE,N
846,3,1,7,7,15,NA,BE,NA,NA,NA,Y,2,BE,N
847,3,1,7,7,15,NA,BE,NA,NA,NA,N,1,BE,N
848,3,1,8,3,12,NA,BE,NA,NA,NA,Y,2,BE,Y
851,3,3,NA,3,12,NA,BE,NA,NA,NA,Y,1,BE,N
852,3,1,7,7,15,NA,BE,NA,NA,NA,Y,2,BE,N
853,3,1,7,3,12,NA,BE,NA,NA,NA,Y,1,BE,N
854,3,1,8,3,12,NA,BE,NA,NA,NA,Y,2,BE,N
855,3,3,NA,3,12,NA,BE,NA,NA,NA,Y,1,BE,N
856,3,3,NA,3,12,NA,BE,NA,NA,NA,N,1,BE,N
857,3,1,7,7,15,NA,BE,NA,NA,NA,Y,1,BE,N
858,3,3,NA,3,12,NA,BE,NA,NA,NA,Y,1,BE,N
859,3,4,NA,3,12,NA,BE,NA,NA,NA,Y,1,BE,N
860,3,3,NA,3,12,NA,BE,NA,NA,NA,Y,1,BE,N
861,3,1,7,3,12,NA,BE,NA,NA,NA,Y,1,BE,N
862,3,4,NA,3,12,NA,BE,NA,NA,NA,N,1,BE,N
863,3,1,7,3,12,NA,BE,NA,NA,NA,Y,1,BE,N
864,3,3,NA,3,12,NA,BE,NA,NA,NA,N,1,BE,N
865,3,4,NA,2,9,NA,BE,NA,NA,NA,N,1,BE,N
866,3,1,7,3,12,NA,BE,NA,NA,NA,Y,1,BE,N
867,3,3,NA,4,12,NA,BE,NA,NA,NA,Y,1,BE,N
868,3,1,7,3,12,NA,BE,NA,NA,NA,N,1,BE,N
869,3,4,NA,3,12,NA,BE,NA,NA,NA,N,1,BE,N
870,3,4,NA,3,12,NA,BE,NA,NA,NA,N,1,BE,N
871,3,1,7,3,12,NA,BE,NA,NA,NA,Y,1,BE,N
873,3,1,7,3,12,NA,BE,NA,NA,NA,Y,1,BE,N
874,3,1,7,3,12,NA,BE,NA,NA,NA,Y,1,BE,N
891,3,1,7,7,15,NA,BE,NA,NA,NA,Y,2,BE,N
1001,1,1,7,3,12,NA,BE,NA,Y,1000,NA,NA,NA,N
1002,1,3,NA,7,15,NA,BE,NA,N,NA,NA,NA,NA,N
1003,1,6,NA,3,12,NA,BE,NA,Y,10,NA,NA,NA,N
1004,1,5,NA,3,12,NA,BE,NA,N,NA,NA,NA,NA,N
1005,1,2,NA,3,12,NA,BE,NA,N,NA,NA,NA,NA,N
1006,1,1,7,7,15,NA,BE,NA,N,NA,NA,NA,NA,N
1007,1,1,7,3,12,NA,BE,NA,Y,28,NA,NA,NA,N
1008,1,5,NA,7,15,NA,BE,NA,Y,NA,NA,NA,NA,N
1009,1,6,NA,3,12,NA,BE,NA,N,NA,NA,NA,NA,N
1011,1,1,7,3,12,NA,BE,NA,Y,10,NA,NA,NA,N
1014,1,1,7,7,15,NA,BE,NA,N,NA,NA,NA,NA,N
1015,1,1,7,7,15,NA,BE,NA,Y,15,NA,NA,NA,N
1016,1,5,NA,7,15,NA,BE,NA,N,NA,NA,NA,NA,N
1018,1,2,NA,3,12,NA,BE,NA,N,NA,NA,NA,NA,N
1020,1,3,NA,0,0,NA,BE,NA,N,NA,NA,NA,NA,N
1021,1,1,7,7,15,NA,BE,NA,Y,8,NA,NA,NA,N
1022,1,1,7,3,12,NA,BE,NA,Y,14,NA,NA,NA,N
1023,1,1,7,7,15,NA,BE,NA,N,NA,NA,NA,NA,N
1024,1,5,NA,3,12,NA,BE,NA,N,NA,NA,NA,NA,Y
1025,1,5,NA,7,15,NA,BE,NA,N,NA,NA,NA,NA,N
1026,1,5,NA,3,12,NA,BE,NA,N,NA,NA,NA,NA,N
1027,1,1,6,7,15,NA,BE,NA,Y,10,NA,NA,NA,N
1028,1,1,7,3,12,NA,BE,NA,N,NA,NA,NA,NA,N
1029,1,1,8,3,12,NA,BE,NA,N,NA,NA,NA,NA,N
1030,1,1,5,7,15,NA,BE,NA,Y,10,NA,NA,NA,N
1031,1,3,NA,1,6,NA,BE,NA,N,NA,NA,NA,NA,N
1032,1,1,7,3,12,NA,BE,NA,Y,10,NA,NA,NA,N
1033,1,1,7,7,15,NA,BE,NA,N,NA,NA,NA,NA,N
1034,1,3,NA,4,12,NA,BE,NA,N,NA,NA,NA,NA,N
1037,1,2,NA,3,12,NA,BE,NA,N,NA,NA,NA,NA,N
1038,1,1,5,2,9,NA,BE,NA,N,NA,NA,NA,NA,N
1039,1,2,NA,1,6,NA,BE,NA,N,NA,NA,NA,NA,Y
1041,1,1,7,7,15,NA,BE,NA,Y,80,NA,NA,NA,N
1042,1,2,NA,2,9,NA,BE,NA,N,NA,NA,NA,NA,N
1043,1,2,NA,7,15,NA,BE,NA,Y,60,NA,NA,NA,N
1044,1,3,NA,7,15,NA,BE,NA,N,NA,NA,NA,NA,Y
1047,1,3,NA,7,15,NA,BE,NA,N,NA,NA,NA,NA,N
1048,1,2,NA,7,15,NA,BE,NA,N,NA,NA,NA,NA,N
1049,1,1,8,2,9,NA,BE,NA,Y,20,NA,NA,NA,N
1050,1,1,8,3,12,NA,BE,NA,N,NA,NA,NA,NA,N
1051,1,2,NA,3,12,NA,BE,NA,N,NA,NA,NA,NA,N
1052,1,1,7,7,15,NA,BE,NA,Y,20,NA,NA,NA,N
1053,1,6,NA,7,15,NA,BE,NA,N,NA,NA,NA,NA,N
1054,1,6,NA,7,15,NA,BE,NA,Y,30,NA,NA,NA,N
1055,1,1,7,7,15,NA,BE,NA,Y,20,NA,NA,NA,N
1056,1,1,7,3,12,NA,BE,NA,N,NA,NA,NA,NA,N
1057,1,2,NA,1,6,NA,BE,NA,N,NA,NA,NA,NA,N
1058,1,1,7,7,15,NA,BE,NA,Y,7,NA,NA,NA,N
1059,1,6,NA,7,15,NA,BE,NA,Y,80,NA,NA,NA,N
1060,1,2,NA,7,15,NA,BE,NA,N,NA,NA,NA,NA,N
1061,1,6,NA,7,15,NA,BE,NA,Y,50,NA,NA,NA,N
1062,1,1,7,3,12,NA,BE,NA,N,NA,NA,NA,NA,N
1063,1,1,7,4,12,NA,BE,NA,Y,30,NA,NA,NA,N
1064,1,1,7,3,12,NA,BE,NA,Y,100,NA,NA,NA,N
1069,1,1,7,3,12,NA,BE,NA,Y,100,NA,NA,NA,N
1071,1,1,8,4,12,NA,BE,NA,Y,50,NA,NA,NA,N
1072,1,1,5,2,9,NA,BE,NA,Y,20,NA,NA,NA,N
1073,1,1,5,3,12,NA,EU,NA,Y,60,NA,NA,NA,N
1074,1,1,6,7,15,NA,EU,NA,Y,50,NA,NA,NA,Y
1077,1,2,NA,1,6,NA,BE,NA,N,NA,NA,NA,NA,N
1078,1,1,7,7,15,NA,BE,NA,Y,35,NA,NA,NA,N
1079,1,2,NA,7,15,NA,BE,NA,N,NA,NA,NA,NA,N
1081,1,1,8,2,9,NA,BE,NA,Y,NA,NA,NA,NA,N
1082,1,2,NA,7,15,NA,BE,NA,N,NA,NA,NA,NA,N
1083,1,1,8,4,12,NA,BE,NA,N,NA,NA,NA,NA,N
1085,1,1,5,7,15,NA,BE,NA,Y,50,NA,NA,NA,N
1087,1,2,NA,7,15,NA,BE,NA,N,NA,NA,NA,NA,Y
1088,1,1,8,4,12,NA,BE,NA,Y,200,NA,NA,NA,N
1089,1,1,5,3,12,NA,EU,NA,N,NA,NA,NA,NA,N
1090,1,1,7,3,12,NA,BE,NA,Y,40,NA,NA,NA,N
1092,1,1,6,7,15,NA,BE,NA,Y,15,NA,NA,NA,N
1093,1,1,6,3,12,NA,BE,NA,N,NA,NA,NA,NA,N
1095,1,2,NA,7,15,NA,BE,NA,N,NA,NA,NA,NA,N
1097,1,1,8,4,12,NA,BE,NA,Y,35,NA,NA,NA,N
1099,1,1,7,7,15,NA,BE,NA,N,NA,NA,NA,NA,N
1101,1,1,7,7,15,NA,BE,NA,N,NA,NA,NA,NA,N
1102,1,2,NA,2,9,NA,BE,NA,N,NA,NA,NA,NA,N
1103,1,5,NA,2,9,NA,BE,NA,N,NA,NA,NA,NA,N
1104,1,1,7,7,15,NA,BE,NA,N,NA,NA,NA,NA,N
1105,1,1,7,7,15,NA,BE,NA,N,NA,NA,NA,NA,N
1106,1,1,7,7,15,NA,BE,NA,N,NA,NA,NA,NA,N
1107,1,5,NA,7,15,NA,BE,NA,N,NA,NA,NA,NA,N
1108,1,2,NA,7,15,NA,BE,NA,N,NA,NA,NA,NA,N
1109,1,1,6,7,15,NA,BE,NA,Y,17,NA,NA,NA,N
1110,1,1,7,7,15,NA,BE,NA,Y,35,NA,NA,NA,N
1112,1,1,7,7,15,NA,BE,NA,Y,25,NA,NA,NA,N
1113,1,1,6,7,15,NA,BE,NA,N,NA,NA,NA,NA,N
1115,1,1,7,7,15,NA,BE,NA,Y,15,NA,NA,NA,N
1117,1,1,7,3,12,NA,BE,NA,N,NA,NA,NA,NA,N
1118,1,1,7,7,15,NA,BE,NA,Y,35,NA,NA,NA,N
1119,1,2,NA,2,9,NA,BE,NA,N,NA,NA,NA,NA,N
1120,1,2,NA,1,6,NA,BE,NA,N,NA,NA,NA,NA,N
1121,1,1,7,7,15,NA,BE,NA,N,NA,NA,NA,NA,N
1122,1,1,5,3,12,NA,BE,NA,Y,NA,NA,NA,NA,N
1124,1,1,8,4,12,NA,BE,NA,N,NA,NA,NA,NA,N
1125,1,1,7,7,15,NA,BE,NA,N,NA,NA,NA,NA,N
1126,1,5,NA,2,9,NA,BE,NA,N,NA,NA,NA,NA,N
1128,1,1,6,7,15,NA,BE,NA,N,NA,NA,NA,NA,N
1133,1,4,NA,3,12,NA,BE,NA,N,NA,NA,NA,NA,N
1134,1,1,6,7,15,NA,BE,NA,Y,30,NA,NA,NA,N
1135,1,4,NA,4,12,NA,BE,NA,N,NA,NA,NA,NA,N
1136,1,1,7,3,12,NA,BE,NA,N,NA,NA,NA,NA,N
1141,1,1,7,7,15,NA,BE,NA,N,NA,NA,NA,NA,N
1142,1,2,NA,3,12,NA,BE,NA,N,NA,NA,NA,NA,N
1147,1,1,7,7,15,NA,BE,NA,N,NA,NA,NA,NA,N
1150,1,1,7,3,12,NA,BE,NA,Y,NA,NA,NA,NA,N
1155,1,1,7,7,15,NA,BE,NA,Y,15,NA,NA,NA,N
1157,1,1,7,7,15,NA,BE,NA,N,NA,NA,NA,NA,N
1158,1,6,NA,4,12,NA,BE,NA,N,NA,NA,NA,NA,N
1159,1,1,7,7,15,NA,BE,NA,N,NA,NA,NA,NA,N
1160,1,2,NA,3,12,NA,BE,NA,N,NA,NA,NA,NA,N
1161,1,2,NA,7,15,NA,BE,NA,N,NA,NA,NA,NA,N
1162,1,2,NA,4,12,NA,BE,NA,N,NA,NA,NA,NA,N
1163,1,6,NA,3,12,NA,BE,NA,Y,20,NA,NA,NA,N
1164,1,5,NA,3,12,NA,BE,NA,Y,200,NA,NA,NA,N
1165,1,2,NA,7,15,NA,BE,NA,N,NA,NA,NA,NA,N
1166,1,3,NA,4,12,NA,BE,NA,N,NA,NA,NA,NA,N
1167,1,2,NA,2,9,NA,BE,NA,N,NA,NA,NA,NA,N
1168,1,3,NA,1,6,NA,OT,NA,N,NA,NA,NA,NA,N
1170,1,1,7,7,15,NA,BE,NA,Y,100,NA,NA,NA,N
1174,1,1,7,7,15,NA,BE,NA,Y,60,NA,NA,NA,N
1175,1,6,NA,4,12,NA,BE,NA,Y,20,NA,NA,NA,N
1176,1,3,NA,1,6,NA,BE,NA,N,NA,NA,NA,NA,N
1177,1,4,NA,3,12,NA,BE,NA,N,NA,NA,NA,NA,N
1178,1,2,NA,7,15,NA,BE,NA,N,NA,NA,NA,NA,N
1180,1,1,8,4,12,NA,BE,NA,Y,10,NA,NA,NA,N
1181,1,1,7,7,15,NA,BE,NA,Y,50,NA,NA,NA,N
1182,1,3,NA,3,12,NA,BE,NA,N,NA,NA,NA,NA,N
1183,1,2,NA,7,15,NA,BE,NA,N,NA,NA,NA,NA,N
1184,1,1,7,7,15,NA,BE,NA,N,NA,NA,NA,NA,N
1187,1,4,NA,4,12,NA,BE,NA,N,NA,NA,NA,NA,N
1188,1,1,6,7,15,NA,BE,NA,Y,30,NA,NA,NA,N
1191,1,4,NA,2,9,NA,BE,NA,N,NA,NA,NA,NA,N
1192,1,1,7,3,12,NA,BE,NA,Y,35,NA,NA,NA,N
1193,1,1,7,7,15,NA,BE,NA,Y,20,NA,NA,NA,Y
1194,1,6,NA,2,9,NA,EU,NA,N,NA,NA,NA,NA,N
1195,1,2,NA,3,12,NA,BE,NA,N,NA,NA,NA,NA,N
1196,1,6,NA,3,12,NA,EU,NA,N,NA,NA,NA,NA,N
1197,1,4,NA,4,12,NA,BE,NA,N,NA,NA,NA,NA,N
1198,1,4,NA,3,12,NA,BE,NA,N,NA,NA,NA,NA,N
1199,1,4,NA,2,9,NA,BE,NA,N,NA,NA,NA,NA,N
1200,1,1,7,7,15,NA,BE,NA,N,NA,NA,NA,NA,N
1201,1,1,8,3,12,NA,BE,NA,Y,25,NA,NA,NA,N
1202,1,2,NA,2,9,NA,BE,NA,N,NA,NA,NA,NA,N
1203,1,4,NA,3,12,NA,BE,NA,N,NA,NA,NA,NA,N
1204,1,3,NA,2,9,NA,BE,NA,N,NA,NA,NA,NA,N
1205,1,1,7,3,12,NA,BE,NA,N,NA,NA,NA,NA,N
1206,1,3,NA,2,9,NA,BE,NA,N,NA,NA,NA,NA,N
1207,1,1,8,3,12,NA,BE,NA,N,NA,NA,NA,NA,N
1208,1,1,7,7,15,NA,BE,NA,N,NA,NA,NA,NA,N
1209,1,1,7,7,15,NA,BE,NA,N,NA,NA,NA,NA,N
1210,1,5,NA,7,15,NA,BE,NA,Y,NA,NA,NA,NA,N
1211,1,5,NA,3,12,NA,BE,NA,N,NA,NA,NA,NA,N
1214,1,1,6,7,15,NA,EU,NA,Y,10,NA,NA,NA,N
1215,1,1,5,7,15,NA,BE,NA,N,NA,NA,NA,NA,N
1216,1,1,7,3,12,NA,BE,NA,Y,20,NA,NA,NA,N
1217,1,1,8,0,0,NA,EU,NA,N,NA,NA,NA,NA,Y
1218,1,1,5,7,15,NA,EU,NA,Y,20,NA,NA,NA,N
1221,1,1,7,7,15,NA,BE,NA,Y,50,NA,NA,NA,N
1223,1,5,NA,3,12,NA,BE,NA,N,NA,NA,NA,NA,N
1225,1,2,NA,2,9,NA,BE,NA,N,NA,NA,NA,NA,Y
1226,1,1,7,7,15,NA,BE,NA,Y,35,NA,NA,NA,N
1227,1,1,5,3,12,NA,BE,NA,Y,40,NA,NA,NA,N
1228,1,1,8,3,12,NA,BE,NA,Y,30,NA,NA,NA,N
1229,1,1,7,3,12,NA,BE,NA,N,NA,NA,NA,NA,N
1230,1,1,8,4,12,NA,BE,NA,N,NA,NA,NA,NA,N
1235,1,1,8,2,9,NA,BE,NA,N,NA,NA,NA,NA,N
1236,1,5,NA,3,12,NA,BE,NA,N,NA,NA,NA,NA,N
1237,1,1,7,7,15,NA,BE,NA,N,NA,NA,NA,NA,N
1238,1,5,NA,3,12,NA,BE,NA,N,NA,NA,NA,NA,N
1239,1,5,NA,3,12,NA,BE,NA,N,NA,NA,NA,NA,N
1241,1,1,7,7,15,NA,BE,NA,Y,15,NA,NA,NA,N
1242,1,1,7,7,15,NA,BE,NA,N,NA,NA,NA,NA,N
1244,1,5,NA,2,9,NA,OT,NA,Y,19,NA,NA,NA,N
1247,1,1,7,7,15,NA,BE,NA,N,NA,NA,NA,NA,N
1248,1,1,7,7,15,NA,BE,NA,Y,60,NA,NA,NA,N
1249,1,1,8,2,9,NA,BE,NA,Y,40,NA,NA,NA,N
1250,1,1,7,3,12,NA,BE,NA,Y,10,NA,NA,NA,N
1251,1,1,8,3,12,NA,BE,NA,Y,40,NA,NA,NA,N
1254,1,1,7,3,12,NA,BE,NA,Y,NA,NA,NA,NA,Y
1256,1,1,7,7,15,NA,BE,NA,Y,30,NA,NA,NA,N
1257,1,1,7,7,15,NA,BE,NA,N,NA,NA,NA,NA,N
1258,1,6,NA,7,15,NA,BE,NA,N,NA,NA,NA,NA,N
1259,1,5,NA,3,12,NA,BE,NA,Y,20,NA,NA,NA,N
1262,1,4,NA,2,9,NA,BE,NA,N,NA,NA,NA,NA,N
1263,1,1,8,3,12,NA,BE,NA,N,NA,NA,NA,NA,N
1264,1,5,NA,3,12,NA,BE,NA,N,NA,NA,NA,NA,N
1265,1,1,7,7,15,NA,BE,NA,N,NA,NA,NA,NA,N
1266,1,1,7,3,12,NA,BE,NA,N,NA,NA,NA,NA,N
1267,1,4,NA,4,12,NA,BE,NA,N,NA,NA,NA,NA,N
1268,1,1,8,4,12,NA,BE,NA,Y,3,NA,NA,NA,N
1269,1,5,NA,7,15,NA,BE,NA,N,NA,NA,NA,NA,N
1270,1,1,7,7,15,NA,BE,NA,Y,30,NA,NA,NA,N
1271,1,5,NA,3,12,NA,BE,NA,Y,80,NA,NA,NA,N
1272,1,4,NA,4,12,NA,BE,NA,Y,30,NA,NA,NA,N
1273,1,1,8,4,12,NA,BE,NA,N,NA,NA,NA,NA,N
1274,1,1,6,7,15,NA,BE,NA,Y,30,NA,NA,NA,N
1279,1,1,6,7,15,NA,BE,NA,Y,15,NA,NA,NA,N
1281,1,6,NA,7,15,NA,BE,NA,N,NA,NA,NA,NA,N
1284,1,1,5,4,12,NA,BE,NA,Y,NA,NA,NA,NA,N
1285,1,6,NA,7,15,NA,BE,NA,Y,15,NA,NA,NA,N
1286,1,4,NA,2,9,NA,EU,NA,N,NA,NA,NA,NA,N
1288,1,1,7,7,15,NA,BE,NA,Y,60,NA,NA,NA,N
1289,1,4,NA,3,12,NA,OT,NA,N,NA,NA,NA,NA,N
1290,1,4,NA,3,12,NA,BE,NA,N,NA,NA,NA,NA,N
1292,1,1,8,3,12,NA,BE,NA,N,NA,NA,NA,NA,N
1293,1,6,NA,0,0,NA,BE,NA,N,NA,NA,NA,NA,Y
1294,1,4,NA,3,12,NA,BE,NA,N,NA,NA,NA,NA,N
1295,1,1,7,7,15,NA,BE,NA,Y,15,NA,NA,NA,N
1300,1,1,7,7,15,NA,BE,NA,Y,20,NA,NA,NA,N
1301,1,1,7,7,15,NA,BE,NA,Y,18,NA,NA,NA,N
1302,1,4,NA,3,12,NA,BE,NA,N,NA,NA,NA,NA,N
1303,1,4,NA,3,12,NA,BE,NA,N,NA,NA,NA,NA,N
1304,3,1,7,3,12,NA,BE,NA,NA,NA,Y,1,BE,N
1305,1,1,7,7,15,NA,BE,NA,N,NA,NA,NA,NA,N
1306,1,5,NA,2,9,NA,BE,NA,Y,70,NA,NA,NA,N
