part_id,part_city,part_job,part_edu,part_ethnic,part_religion,part_urban
1100105,Taipei City,3,4,3,6,TRUE
1100108,Taipei City,3,4,3,5,TRUE
1100118,Taipei City,9,2,1,4,TRUE
1100121,Taipei City,-2,4,1,3,TRUE
1100126,Taipei City,2,2,3,5,TRUE
1100129,Taipei City,7,3,1,6,TRUE
1100130,Taipei City,7,3,1,5,TRUE
1100132,Taipei City,3,4,3,5,TRUE
1100145,Taipei City,5,4,1,5,TRUE
1100150,Taipei City,2,4,1,5,TRUE
1100152,Taipei City,2,2,1,5,TRUE
1100156,Taipei County,3,4,1,5,TRUE
1100159,Taipei City,3,4,1,5,TRUE
1100161,Taipei City,4,3,3,5,TRUE
1100162,Taipei City,4,3,1,6,TRUE
1100164,Taipei City,2,2,1,5,TRUE
1100167,Taipei County,2,2,1,5,TRUE
1100171,Taipei City,2,2,1,6,TRUE
1100173,Taipei City,4,4,3,4,TRUE
1100189,Taipei City,7,3,1,4,TRUE
1100301,Taipei City,2,4,3,5,TRUE
1100307,Taipei City,3,3,1,6,TRUE
1100308,Taipei City,3,3,1,6,TRUE
1100310,Taipei City,3,3,3,4,TRUE
1100311,Taipei City,3,4,1,3,TRUE
1100315,Taipei City,3,4,1,6,TRUE
1100318,Taipei City,3,4,3,5,TRUE
1100322,Taipei City,8,3,1,6,TRUE
1100324,Taipei City,8,2,1,6,TRUE
1100325,Taipei City,3,4,1,4,TRUE
1100330,Taipei City,3,4,1,6,TRUE
1100335,Taipei City,2,4,1,5,TRUE
1100338,Taipei City,3,2,1,6,TRUE
1100339,Taipei City,3,4,3,4,TRUE
1100341,Taipei City,5,3,1,6,TRUE
1100342,Taipei City,6,1,3,5,TRUE
1100343,Taipei City,3,3,1,6,TRUE
1100344,Taipei City,2,2,1,6,TRUE
1100350,Taipei City,3,3,2,6,TRUE
1100351,Taipei City,2,4,1,5,TRUE
1100352,Taipei City,7,2,2,6,TRUE
1100355,Taipei City,3,4,3,6,TRUE
1100356,Taipei County,1,1,3,5,TRUE
1100360,Taipei City,2,3,1,6,TRUE
1100367,Taipei City,1,1,1,6,TRUE
1100378,Taipei City,8,3,3,4,TRUE
1100379,Taipei City,2,3,2,6,TRUE
1100383,Taipei City,4,2,1,6,TRUE
1100384,Taipei City,2,4,1,5,TRUE
1100388,Taipei City,7,2,2,6,TRUE
1100390,Taipei City,4,3,3,3,TRUE
1106102,Taipei County,3,3,1,5,TRUE
1106105,Taipei City,3,4,1,4,TRUE
1106106,Taipei City,8,4,3,4,TRUE
1106111,Taipei City,2,2,2,5,TRUE
1106112,Taipei City,4,4,1,5,TRUE
1106117,Taipei City,3,4,1,5,TRUE
1106122,Taipei City,4,4,1,5,TRUE
1106123,Taipei County,4,4,1,5,FALSE
1106124,Taipei City,8,4,3,4,TRUE
1106125,Taipei City,4,3,1,4,TRUE
1106128,Taipei City,3,4,1,3,TRUE
1106132,Taipei City,3,4,3,3,TRUE
1106135,Taipei City,2,2,1,3,TRUE
1106138,Taipei City,8,4,1,5,TRUE
1106139,Taipei City,3,4,1,6,TRUE
1106141,Taipei City,2,2,1,-1,TRUE
1106145,Taipei City,1,1,1,5,TRUE
1106147,Taipei City,3,4,1,5,TRUE
1106154,Taipei County,3,4,1,5,TRUE
1106159,Taipei City,2,2,1,5,TRUE
1106305,Taipei City,1,1,1,5,TRUE
1106306,Taipei City,7,3,1,4,TRUE
1106312,Taipei City,8,3,1,5,TRUE
1106313,Taipei City,4,4,2,5,TRUE
1106315,Taipei City,3,4,1,4,TRUE
1106318,Taipei City,1,1,2,5,TRUE
1106320,Taipei City,2,2,3,3,TRUE
1106324,Taipei City,8,2,1,4,TRUE
1106325,Taipei City,3,3,3,4,TRUE
1106327,Taipei City,3,4,3,4,TRUE
1106328,Taipei City,9,3,3,4,TRUE
1106332,Taipei City,8,3,3,4,TRUE
1106334,Taipei City,7,1,1,4,TRUE
1106336,Taipei City,3,4,3,5,TRUE
1106337,Taipei City,8,4,3,4,TRUE
1106344,Taipei City,7,4,3,3,TRUE
1106345,Taipei City,8,4,3,5,TRUE
1106348,Taipei City,4,3,3,4,TRUE
1106349,Taipei City,4,3,1,5,TRUE
1106355,Taipei City,2,4,1,5,TRUE
1106356,Taipei City,3,4,1,5,TRUE
1106358,Taipei City,3,4,2,4,TRUE
1106359,Taipei City,1,1,1,5,TRUE
1106360,Taipei City,3,4,3,4,TRUE
1106361,Taipei City,4,4,1,6,TRUE
1106362,Taipei County,3,4,1,5,TRUE
1110101,Taipei City,3,3,1,4,TRUE
1110103,Taipei City,3,3,1,6,TRUE
1110104,Taipei City,5,2,1,6,TRUE
1110105,Taipei City,7,4,5,3,TRUE
1110108,Taipei City,3,4,3,3,TRUE
1110110,Taipei City,2,2,1,-1,TRUE
1110113,Taipei City,1,1,1,5,TRUE
1110115,Taipei City,7,2,1,6,TRUE
1110116,Taipei City,2,2,3,4,TRUE
1110117,Taipei City,2,2,1,5,TRUE
1110120,Taipei City,4,3,1,5,TRUE
1110122,Taipei City,1,1,1,3,TRUE
1110123,Taipei City,5,3,3,6,TRUE
1110128,Taipei City,2,2,3,5,TRUE
1110129,Taipei City,3,3,3,4,TRUE
1110132,Taipei City,2,2,1,4,TRUE
1110135,Taipei City,8,3,1,3,TRUE
1110137,Taipei City,8,3,3,3,TRUE
1110145,Taipei City,3,3,1,5,TRUE
1110146,Taipei City,2,4,3,4,TRUE
1110148,Taipei City,7,3,1,4,TRUE
1110153,Taipei City,8,3,1,6,TRUE
1110157,Taipei City,8,4,3,3,TRUE
1110160,Taipei City,3,4,3,5,TRUE
1110164,Taipei City,4,3,1,5,TRUE
1110165,Taipei City,3,4,1,5,TRUE
1110170,Taipei City,7,3,3,6,TRUE
1110304,Taipei City,8,2,2,6,TRUE
1110305,Taipei City,3,4,1,5,TRUE
1110307,Taipei City,3,4,1,5,TRUE
1110315,Taipei City,2,3,1,5,TRUE
1110316,Taipei City,3,4,3,4,TRUE
1110317,Taipei City,8,4,3,3,TRUE
1110318,Taipei City,4,3,3,5,TRUE
1110323,Taipei City,3,4,1,5,TRUE
1110325,Taipei City,3,4,1,5,TRUE
1110326,Taipei City,8,2,1,6,TRUE
1110331,Taipei City,2,4,1,5,TRUE
1110334,Taipei City,7,2,2,4,TRUE
1110335,Taipei City,2,2,1,6,TRUE
1110336,Taipei City,10,3,1,5,TRUE
1110337,Taipei City,3,4,2,6,TRUE
1110340,Taipei City,2,2,1,5,TRUE
1110343,Taipei City,2,4,1,5,TRUE
1110344,Taipei City,2,3,1,4,TRUE
1110345,Taipei City,3,3,2,6,TRUE
1110348,Taipei City,8,4,3,3,TRUE
1110356,Taoyuan County,5,4,2,5,TRUE
1110358,Taipei City,3,3,3,4,TRUE
1110359,Taipei County,8,4,3,1,TRUE
1110360,Taipei City,2,3,1,5,TRUE
1110361,Taipei City,3,4,1,4,TRUE
1110363,Taipei City,2,4,1,5,TRUE
1110366,Taipei City,2,4,3,5,TRUE
1114102,Taipei City,7,3,3,5,TRUE
1114105,Taipei City,3,4,3,3,TRUE
1114108,Taipei City,8,2,1,6,TRUE
1114110,Taipei City,8,2,1,6,TRUE
1114112,Taipei County,2,2,1,5,TRUE
1114114,Taipei City,8,1,3,4,TRUE
1114116,Taipei City,3,4,2,6,TRUE
1114127,Taipei City,5,3,1,5,TRUE
1114130,Taipei City,2,4,1,5,TRUE
1114137,Taipei City,2,4,1,5,TRUE
1114141,Taipei City,3,4,3,5,TRUE
1114147,Taipei City,7,2,1,6,TRUE
1114167,Taipei City,4,3,1,6,TRUE
1114171,Taipei City,1,1,1,6,TRUE
1114175,Taipei City,7,4,1,6,TRUE
1114177,Taipei City,7,4,3,4,TRUE
1114188,Taipei City,8,3,3,4,TRUE
1114192,Taipei City,5,3,2,6,TRUE
1114194,Taipei City,7,2,1,4,TRUE
1114195,Taipei City,7,2,1,4,TRUE
1114201,Taipei City,3,3,1,5,TRUE
1114203,Taipei City,2,2,3,4,TRUE
1114204,Taipei City,9,1,1,6,TRUE
1114205,Taipei City,4,2,1,6,TRUE
1114207,Taipei City,3,3,3,3,TRUE
1114211,Taipei City,3,3,1,5,TRUE
1114214,Taipei City,7,2,1,6,TRUE
1114216,Taipei City,8,3,1,4,TRUE
1114219,Taipei City,7,4,1,3,TRUE
1114220,Taipei City,5,2,1,6,TRUE
1114302,Taipei City,3,3,1,6,TRUE
1114304,Taipei City,3,4,3,5,TRUE
1114307,Taipei City,3,3,3,6,TRUE
1114311,Taipei City,2,2,1,5,TRUE
1114315,Taipei City,2,2,3,5,TRUE
1114321,Taipei City,4,2,1,6,TRUE
1114329,Taipei City,3,3,3,5,TRUE
1114330,Taipei City,7,2,3,4,TRUE
1114331,Taipei City,1,1,3,5,TRUE
1114332,Taipei City,8,4,1,4,TRUE
1114333,Taipei City,7,2,1,6,TRUE
1114335,Taipei City,8,3,1,5,TRUE
1114337,Taipei City,3,4,3,4,TRUE
1114338,Taipei City,2,2,1,4,TRUE
1114351,Taipei City,3,4,1,4,TRUE
1114362,Taipei City,7,4,1,4,TRUE
1114367,Taipei City,3,3,3,4,TRUE
1114369,Taipei City,3,4,3,5,TRUE
1114370,Taipei City,3,3,3,3,TRUE
1114371,Taipei City,1,1,1,6,TRUE
1114372,Taipei City,2,2,1,5,TRUE
1114385,Taipei City,2,3,1,5,TRUE
1114390,Taipei City,3,3,1,5,TRUE
1114391,Taipei City,5,3,1,6,TRUE
1114394,Taipei City,2,3,1,3,TRUE
1114396,Taipei City,2,2,1,5,TRUE
1114409,Taipei City,8,3,3,5,TRUE
1114410,Taipei City,7,1,-1,5,TRUE
1114419,Taipei City,5,3,1,6,TRUE
1114420,Taipei City,8,2,1,4,TRUE
1205106,Keelung City,5,2,1,4,TRUE
1205107,Keelung City,5,4,2,6,TRUE
1205109,Keelung City,2,2,1,5,TRUE
1205115,Taipei County,3,3,1,5,TRUE
1205116,Keelung City,1,1,1,6,TRUE
1205119,Keelung City,2,2,1,5,TRUE
1205120,Keelung City,2,3,1,5,TRUE
1205122,Keelung City,9,4,1,3,TRUE
1205123,Taipei City,2,4,1,4,TRUE
1205126,Keelung City,4,3,1,4,TRUE
1205129,Keelung City,5,2,1,4,TRUE
1205135,Keelung City,3,3,1,5,TRUE
1205143,Keelung City,2,3,1,5,TRUE
1205152,Keelung City,3,4,2,4,TRUE
1205154,Keelung City,3,-2,-2,-2,TRUE
1205156,Keelung City,5,4,1,6,TRUE
1205157,Keelung City,5,3,1,4,TRUE
1205158,Keelung City,2,4,1,5,TRUE
1205165,Keelung City,9,3,1,4,TRUE
1205172,Keelung City,5,4,1,5,TRUE
1205176,Keelung City,2,2,1,5,TRUE
1205301,Keelung City,5,3,1,4,TRUE
1205302,Keelung City,3,4,2,6,TRUE
1205304,Keelung City,5,2,1,5,TRUE
1205305,Keelung City,2,2,1,6,TRUE
1205306,Keelung City,2,4,3,6,TRUE
1205309,Keelung City,9,3,1,4,TRUE
1205310,Keelung City,1,1,1,5,TRUE
1205313,Keelung City,5,2,1,6,TRUE
1205316,Keelung City,7,2,1,6,TRUE
1205321,Keelung City,3,3,1,6,TRUE
1205325,Keelung City,5,2,2,6,TRUE
1205328,Keelung City,4,3,1,3,TRUE
1205329,Keelung City,3,4,1,6,TRUE
1205332,Keelung City,4,3,2,4,TRUE
1205334,Keelung City,3,3,1,4,TRUE
1205335,Keelung City,3,3,1,5,TRUE
1205336,Taoyuan County,1,1,1,6,TRUE
1205341,Keelung City,2,3,1,6,TRUE
1205342,Keelung City,4,2,1,6,TRUE
1205347,Keelung City,5,3,1,6,TRUE
1205348,Keelung City,2,4,1,4,TRUE
1205353,Keelung City,5,3,1,6,TRUE
1205355,Keelung City,7,1,1,6,TRUE
1205358,Keelung City,3,4,3,6,TRUE
1205362,Keelung City,4,3,1,6,TRUE
1205363,Keelung City,2,2,1,6,TRUE
1205374,Keelung City,3,3,1,4,TRUE
1205376,Keelung City,7,2,1,4,TRUE
1205377,Keelung City,1,1,1,5,TRUE
1205378,Keelung City,5,3,1,6,TRUE
1220102,Taipei County,7,2,1,6,TRUE
1220106,Taipei County,2,4,1,4,TRUE
1220108,Taipei County,8,3,1,4,TRUE
1220111,Taipei County,2,2,1,5,TRUE
1220117,Taipei County,2,2,3,4,TRUE
1220119,Taipei County,2,2,1,5,TRUE
1220121,Taipei County,3,4,1,5,TRUE
1220124,Taipei County,8,2,1,6,TRUE
1220129,Taipei County,2,3,1,4,TRUE
1220131,Taipei County,9,4,1,6,TRUE
1220134,Taipei County,2,2,1,6,TRUE
1220135,Taipei County,2,2,1,4,TRUE
1220136,Taipei County,1,1,1,6,TRUE
1220138,Taipei County,5,3,1,3,TRUE
1220144,Taipei County,7,2,1,6,TRUE
1220145,Taipei County,5,3,2,6,TRUE
1220148,Taipei County,3,3,3,5,TRUE
1220151,Taipei County,2,2,1,6,TRUE
1220152,Taipei County,4,3,1,4,TRUE
1220154,Taipei County,1,1,1,6,TRUE
1220160,Taipei County,4,3,1,4,TRUE
1220302,Taipei County,3,3,1,6,TRUE
1220303,Taipei County,5,3,1,6,TRUE
1220306,Taipei County,3,4,1,3,TRUE
1220307,Taipei County,2,2,1,5,TRUE
1220309,Taipei County,1,1,1,5,TRUE
1220310,Taipei County,5,3,1,6,TRUE
1220313,Taipei County,8,2,1,4,TRUE
1220316,Taipei County,7,3,3,3,TRUE
1220317,Taipei County,5,3,1,6,TRUE
1220318,Taipei County,7,2,1,4,TRUE
1220319,Taipei County,2,4,2,4,TRUE
1220322,Taipei County,7,2,1,4,TRUE
1220323,Taipei County,2,2,1,4,TRUE
1220324,Taipei County,3,4,1,5,TRUE
1220325,Taipei County,7,2,1,4,TRUE
1220327,Taipei County,3,4,1,6,TRUE
1220328,Taipei County,2,3,1,5,TRUE
1220337,Taipei County,2,2,1,4,TRUE
1220338,Taipei County,5,3,1,6,TRUE
1220342,Taipei County,1,1,1,4,TRUE
1220345,Taipei County,2,2,1,5,TRUE
1220350,Taipei County,8,2,1,4,TRUE
1220351,Taipei County,5,3,2,5,TRUE
1220353,Taipei County,5,3,1,6,TRUE
1220355,Taipei County,7,2,1,6,TRUE
1220356,Taipei County,1,1,1,5,TRUE
1220358,Taipei County,3,4,1,5,TRUE
1221101,Taipei County,7,3,-2,5,TRUE
1221102,Taipei County,5,4,1,6,TRUE
1221105,Taipei County,3,4,1,6,TRUE
1221108,Taipei County,3,3,1,6,TRUE
1221109,Miaoli County,3,4,1,5,TRUE
1221110,Taipei County,4,3,1,6,TRUE
1221115,Taipei County,3,4,1,4,TRUE
1221119,Taipei County,2,2,1,5,TRUE
1221122,Taipei County,9,4,3,5,TRUE
1221125,Taipei County,8,2,3,5,TRUE
1221128,Taipei County,8,2,1,6,TRUE
1221130,Taipei County,7,1,1,6,TRUE
1221132,Taipei County,3,3,1,6,TRUE
1221135,Hsinchu City,3,4,1,5,TRUE
1221136,Taipei County,5,2,1,6,TRUE
1221137,Taipei County,5,3,1,5,TRUE
1221140,Taipei County,3,3,1,6,TRUE
1221141,Taipei County,1,1,2,5,TRUE
1221145,Taipei County,5,3,1,5,TRUE
1221148,Taipei County,3,4,1,3,TRUE
1221149,Taipei County,8,2,1,5,TRUE
1221155,Taipei County,3,3,1,6,TRUE
1221156,Taipei County,2,3,-1,5,TRUE
1221161,Taipei County,2,4,3,3,TRUE
1221162,Taipei County,8,3,3,4,TRUE
1221163,Taipei County,3,3,2,5,TRUE
1221164,Taipei County,4,4,3,5,TRUE
1221167,Taipei County,5,2,1,6,TRUE
1221172,Taipei County,5,4,1,6,TRUE
1221175,Taipei County,7,2,1,6,TRUE
1221178,Taipei County,3,4,1,6,TRUE
1221184,Taipei County,5,3,1,6,TRUE
1221190,Taipei County,5,2,1,6,TRUE
1221306,Taipei County,7,3,1,6,TRUE
1221312,Taipei County,3,3,1,6,TRUE
1221316,Taipei County,7,2,3,4,TRUE
1221317,Taipei County,7,2,1,4,TRUE
1221322,Taipei County,9,3,1,5,TRUE
1221325,Taipei County,3,4,1,6,TRUE
1221326,Taipei County,3,3,1,4,TRUE
1221331,Taipei County,1,1,1,4,TRUE
1221333,Taipei County,2,4,1,5,TRUE
1221335,Taipei County,8,2,1,6,TRUE
1221337,Taipei County,5,3,1,4,TRUE
1221340,Taipei County,2,3,1,6,TRUE
1221341,Taipei County,4,4,1,4,TRUE
1221342,Taipei County,2,2,1,4,TRUE
1221343,Taipei County,3,4,5,6,TRUE
1221345,Taipei County,7,2,1,6,TRUE
1221349,Taipei County,3,3,2,5,TRUE
1221351,Taoyuan County,3,3,1,6,TRUE
1221358,Taipei County,7,1,1,6,TRUE
1221359,Taipei County,1,1,1,6,TRUE
1221364,Taipei County,5,3,1,4,TRUE
1221368,Taipei County,7,3,3,6,TRUE
1221369,Taipei County,3,4,3,6,TRUE
1221370,Taipei County,8,3,1,5,TRUE
1221372,Taipei County,1,1,1,6,TRUE
1221374,Taipei County,5,3,1,6,TRUE
1221375,Taipei County,5,2,1,4,TRUE
1221377,Taipei County,9,2,1,4,TRUE
1221378,Taipei County,3,3,1,5,TRUE
1221380,Taipei County,2,2,3,6,TRUE
1221381,Taipei County,3,3,1,4,TRUE
1221382,Taipei County,2,2,2,6,TRUE
1221383,Taichung City,3,4,3,5,TRUE
1221384,Taipei County,5,2,1,4,TRUE
1221385,Taipei County,4,3,1,3,TRUE
1221389,Taipei County,5,2,1,6,TRUE
1241101,Taipei County,5,2,1,4,TRUE
1241106,Taipei County,2,4,1,5,TRUE
1241107,Taipei County,2,3,1,5,TRUE
1241111,Taipei County,5,2,1,6,TRUE
1241112,Taipei County,4,2,1,4,TRUE
1241117,Taipei County,3,3,1,5,TRUE
1241121,Taipei County,2,3,4,3,TRUE
1241122,Taipei County,3,4,1,4,TRUE
1241123,Taipei County,7,2,1,6,TRUE
1241127,Taipei County,3,3,1,6,TRUE
1241129,Taipei County,9,2,1,6,TRUE
1241132,Taipei County,7,3,1,4,TRUE
1241135,Taipei County,8,2,1,6,TRUE
1241136,Taipei County,8,2,1,6,TRUE
1241138,Taipei County,4,3,1,6,TRUE
1241141,Taipei County,5,2,1,6,TRUE
1241142,Taipei County,3,3,2,6,TRUE
1241145,Taipei County,3,4,3,3,TRUE
1241146,Taipei County,9,2,1,5,TRUE
1241147,Taipei County,3,4,1,6,TRUE
1241148,Taipei County,5,3,1,6,TRUE
1241153,Taipei City,3,4,1,4,TRUE
1241155,Taipei County,4,4,1,5,TRUE
1241308,Taipei County,2,3,1,5,TRUE
1241309,Taipei County,4,3,1,5,TRUE
1241311,Taipei County,3,4,1,5,TRUE
1241314,Taipei County,5,3,1,5,TRUE
1241317,Taipei County,7,4,2,5,TRUE
1241319,Taipei County,3,3,1,5,TRUE
1241321,Taipei County,3,4,1,6,TRUE
1241322,Taipei County,2,2,1,6,TRUE
1241323,Taipei County,5,3,1,5,TRUE
1241324,Taipei County,5,4,1,6,TRUE
1241325,Taipei County,5,4,1,5,TRUE
1241327,Taipei County,5,3,1,6,TRUE
1241328,Taipei County,5,2,1,4,TRUE
1241329,Taipei County,5,2,1,6,TRUE
1241336,Taipei County,5,2,1,6,TRUE
1241337,Taipei County,5,3,1,5,TRUE
1241339,Taipei County,9,2,1,6,TRUE
1241340,Taipei County,2,3,1,5,TRUE
1241341,Taipei County,7,2,1,5,TRUE
1241343,Taipei County,3,3,1,3,TRUE
1241345,Taipei County,4,3,1,5,TRUE
1241351,Taipei County,5,3,1,5,TRUE
1241355,Taipei County,3,4,1,4,TRUE
1241356,Taipei County,2,2,3,6,TRUE
1242104,Taipei County,1,1,1,5,TRUE
1242106,Taipei County,3,4,1,6,TRUE
1242107,Taipei County,1,1,1,5,TRUE
1242108,Taipei County,5,3,1,4,TRUE
1242113,Taipei County,7,2,1,4,TRUE
1242120,Taipei County,2,2,1,5,TRUE
1242121,Taipei County,1,1,1,4,TRUE
1242122,Taipei County,3,4,1,5,TRUE
1242129,Taipei County,3,4,1,5,TRUE
1242130,Taipei County,1,1,1,5,TRUE
1242133,Taipei County,8,2,1,4,TRUE
1242136,Taipei County,3,4,1,5,TRUE
1242139,Taipei County,2,2,1,4,TRUE
1242141,Taipei County,3,4,1,4,TRUE
1242144,Taipei County,2,2,1,4,TRUE
1242145,Taipei County,3,3,1,4,TRUE
1242148,Taipei County,5,2,1,6,TRUE
1242149,Taipei County,2,3,1,5,TRUE
1242150,Taipei County,7,3,3,6,TRUE
1242151,Taipei County,2,2,1,5,TRUE
1242152,Taipei County,7,2,1,4,TRUE
1242155,Taipei County,2,3,1,5,TRUE
1242157,Taipei County,7,2,1,6,TRUE
1242158,Taipei County,7,2,1,4,TRUE
1242302,Taipei County,5,4,1,5,TRUE
1242305,Taipei County,4,3,1,3,TRUE
1242306,Taipei County,7,2,1,6,TRUE
1242307,Taipei County,5,4,1,5,TRUE
1242308,Taipei County,3,3,1,5,TRUE
1242314,Taipei County,2,2,1,6,TRUE
1242316,Taipei County,2,2,1,-1,TRUE
1242317,Taipei County,7,2,1,4,TRUE
1242321,Taipei County,2,3,1,5,TRUE
1242322,Taipei County,5,2,1,5,TRUE
1242323,Taipei County,3,3,1,5,TRUE
1242324,Taipei County,2,3,1,5,TRUE
1242325,Taipei County,3,3,2,6,TRUE
1242329,Taipei County,2,2,1,5,TRUE
1242331,Taipei County,5,3,1,6,TRUE
1242333,Taipei County,8,3,1,4,TRUE
1242334,Taipei County,4,2,1,5,TRUE
1242335,Taipei County,2,4,1,5,TRUE
1242338,Taipei County,7,3,1,5,TRUE
1242342,Taipei County,2,3,1,5,TRUE
1242349,Taipei County,3,3,1,5,TRUE
1242350,Taipei County,7,2,1,6,TRUE
1242353,Taipei County,7,3,1,5,TRUE
1242356,Taipei County,3,3,1,6,TRUE
1247102,Taipei County,2,2,1,4,TRUE
1247103,Taipei County,1,1,1,4,TRUE
1247104,Taipei County,2,2,1,6,TRUE
1247108,Taipei County,8,4,1,4,TRUE
1247111,Taipei County,1,1,1,4,TRUE
1247116,Taipei County,3,4,1,4,TRUE
1247126,Taipei County,3,4,2,6,TRUE
1247131,Taipei County,1,1,1,5,TRUE
1247133,Taipei County,2,2,1,4,TRUE
1247135,Taipei County,4,3,2,4,TRUE
1247138,Taipei County,7,2,1,6,TRUE
1247143,Taipei County,7,3,3,6,TRUE
1247147,Taipei County,1,1,1,3,TRUE
1247153,Taipei County,2,4,1,5,TRUE
1247154,Taipei County,7,4,1,6,TRUE
1247155,Taipei County,3,4,1,6,TRUE
1247157,Taipei County,3,1,1,6,TRUE
1247158,Taipei County,7,3,1,4,TRUE
1247160,Taipei County,3,4,2,4,TRUE
1247301,Taipei County,3,4,3,5,TRUE
1247302,Taipei County,2,2,-1,6,TRUE
1247303,Taipei County,2,2,1,6,TRUE
1247305,Taipei County,3,3,1,5,TRUE
1247307,Taipei County,1,1,1,5,TRUE
1247309,Taipei County,8,3,1,4,TRUE
1247310,Taipei County,5,2,1,6,TRUE
1247315,Taipei County,2,4,1,5,TRUE
1247328,Taipei County,2,3,1,5,TRUE
1247329,Taipei County,7,3,1,4,TRUE
1247330,Taipei County,3,4,1,5,TRUE
1247334,Taipei County,3,4,3,5,TRUE
1247335,Taipei County,7,2,1,6,TRUE
1247336,Taipei County,2,4,2,4,TRUE
1247339,Taipei County,7,2,1,4,TRUE
1247346,Taipei County,7,2,2,4,TRUE
1247347,Taipei County,2,2,1,6,TRUE
1247349,Taipei County,1,1,1,5,TRUE
1247351,Taipei County,2,2,1,5,TRUE
1247352,Taipei County,3,3,1,6,TRUE
1247357,Taipei County,2,2,1,6,TRUE
1247358,Taipei County,3,4,1,6,TRUE
1260101,Ilan County,8,2,1,4,TRUE
1260104,Ilan County,2,2,1,5,TRUE
1260105,Ilan County,7,2,1,4,TRUE
1260107,Ilan County,5,4,1,5,TRUE
1260110,Ilan County,7,2,1,6,TRUE
1260113,Ilan County,5,2,5,4,TRUE
1260114,Ilan County,1,1,1,5,TRUE
1260115,Ilan County,5,2,1,6,TRUE
1260119,Ilan County,4,3,1,6,TRUE
1260120,Ilan County,3,3,2,6,TRUE
1260123,Ilan County,2,3,1,5,TRUE
1260125,Ilan County,7,2,1,6,TRUE
1260127,Ilan County,2,2,1,4,TRUE
1260128,Ilan County,2,3,1,6,TRUE
1260129,Ilan County,4,3,1,6,TRUE
1260130,Taipei County,3,4,1,5,TRUE
1260132,Ilan County,5,3,1,5,TRUE
1260133,Ilan County,4,2,1,6,TRUE
1260134,Ilan County,1,1,1,5,TRUE
1260135,Ilan County,2,2,1,6,TRUE
1260136,Ilan County,2,2,1,5,TRUE
1260137,Ilan County,8,2,1,6,TRUE
1260138,Ilan County,9,3,1,4,TRUE
1260142,Ilan County,7,3,1,5,TRUE
1260143,Ilan County,3,4,1,4,TRUE
1260144,Ilan County,9,3,1,6,TRUE
1260147,Ilan County,1,1,1,5,TRUE
1260151,Ilan County,3,3,1,5,TRUE
1260153,Ilan County,2,2,4,3,TRUE
1260156,Ilan County,5,4,3,5,TRUE
1260158,Ilan County,3,2,1,6,TRUE
1260159,Ilan County,3,4,1,6,TRUE
1260160,Ilan County,7,2,1,6,TRUE
1260302,Ilan County,3,3,1,4,TRUE
1260303,Ilan County,8,2,1,6,TRUE
1260306,Ilan County,2,3,1,5,TRUE
1260307,Ilan County,3,4,1,6,TRUE
1260308,Ilan County,3,3,1,6,TRUE
1260309,Ilan County,8,3,1,6,TRUE
1260310,Ilan County,3,3,2,4,TRUE
1260311,Ilan County,8,4,2,4,TRUE
1260313,Ilan County,2,2,1,5,TRUE
1260316,Ilan County,7,2,1,6,TRUE
1260317,Ilan County,2,2,1,5,TRUE
1260318,Ilan County,8,1,1,6,TRUE
1260319,Ilan County,3,3,1,6,TRUE
1260323,Ilan County,6,2,1,6,TRUE
1260326,Ilan County,2,2,1,5,FALSE
1260328,Ilan County,7,1,1,6,TRUE
1260329,Ilan County,5,2,1,6,TRUE
1260331,Ilan County,7,1,1,6,TRUE
1260332,Ilan County,1,1,1,6,TRUE
1260337,Ilan County,3,4,1,4,TRUE
1260339,Ilan County,3,3,1,4,TRUE
1260340,Ilan County,7,3,1,6,TRUE
1260342,Ilan County,4,3,1,6,TRUE
1260343,Ilan County,5,3,1,4,TRUE
1260347,Ilan County,7,2,1,6,TRUE
1260348,Ilan County,2,2,1,5,TRUE
1260355,Ilan County,8,3,1,4,TRUE
1260356,Ilan County,2,2,1,6,TRUE
1304101,Hsinchu County,1,1,1,5,TRUE
1304102,Hsinchu County,2,3,1,4,TRUE
1304103,Hsinchu County,9,3,2,6,TRUE
1304107,Hsinchu County,2,2,1,6,TRUE
1304108,Hsinchu County,7,2,3,4,TRUE
1304111,Hsinchu County,5,2,2,5,TRUE
1304112,Hsinchu County,5,3,2,5,TRUE
1304114,Hsinchu County,3,3,1,5,TRUE
1304115,Hsinchu County,1,1,1,6,TRUE
1304116,Hsinchu County,4,2,2,4,TRUE
1304118,Hsinchu County,2,3,2,5,TRUE
1304121,Hsinchu County,2,2,1,5,TRUE
1304123,Hsinchu County,2,2,2,5,TRUE
1304124,Hsinchu County,5,3,1,6,TRUE
1304125,Hsinchu County,2,2,2,6,TRUE
1304127,Hsinchu County,7,3,2,4,TRUE
1304128,Hsinchu County,5,2,2,6,TRUE
1304131,Hsinchu County,2,2,2,5,TRUE
1304132,Hsinchu County,7,2,1,6,TRUE
1304135,Hsinchu County,2,3,2,5,TRUE
1304301,Hsinchu County,3,3,1,6,TRUE
1304305,Hsinchu County,3,3,1,6,TRUE
1304306,Hsinchu County,7,2,2,6,TRUE
1304308,Hsinchu County,5,3,2,4,TRUE
1304310,Hsinchu County,5,2,2,6,TRUE
1304312,Hsinchu County,5,2,2,6,TRUE
1304314,Hsinchu County,9,2,1,4,TRUE
1304315,Hsinchu County,5,3,3,4,TRUE
1304316,Hsinchu County,7,1,2,6,TRUE
1304317,Hsinchu County,7,1,2,6,TRUE
1304318,Hsinchu County,3,4,1,6,TRUE
1304319,Hsinchu County,2,3,1,5,TRUE
1304320,Hsinchu County,7,1,2,6,TRUE
1304322,Hsinchu County,9,3,2,6,TRUE
1304324,Hsinchu County,9,1,2,6,TRUE
1304325,Hsinchu County,9,2,2,6,TRUE
1304326,Hsinchu County,5,4,2,5,TRUE
1304327,Hsinchu County,6,1,2,6,TRUE
1304328,Hsinchu County,1,1,1,5,TRUE
1304329,Hsinchu County,9,2,1,6,TRUE
1304330,Hsinchu County,9,1,1,6,TRUE
1304331,Hsinchu County,2,2,2,6,TRUE
1304332,Hsinchu County,3,3,2,5,TRUE
1304333,Hsinchu County,7,1,2,6,TRUE
1304335,Hsinchu County,2,2,2,6,TRUE
1304336,Hsinchu County,2,4,1,6,TRUE
1320101,Taoyuan County,5,4,1,6,TRUE
1320104,Taoyuan County,2,3,2,5,TRUE
1320105,Taoyuan County,2,2,2,5,TRUE
1320106,Taoyuan County,2,2,2,6,TRUE
1320107,Taoyuan County,2,3,2,5,TRUE
1320110,Taoyuan County,4,3,1,6,TRUE
1320111,Taoyuan County,4,3,1,6,TRUE
1320112,Taoyuan County,3,4,1,5,TRUE
1320114,Taoyuan County,2,3,2,6,TRUE
1320115,Taoyuan County,5,2,1,5,TRUE
1320117,Taoyuan County,9,1,2,6,TRUE
1320118,Taoyuan County,5,3,1,4,TRUE
1320123,Taoyuan County,7,3,2,5,TRUE
1320124,Taoyuan County,5,3,1,6,TRUE
1320125,Taoyuan County,1,1,1,5,TRUE
1320126,Taoyuan County,5,3,1,4,TRUE
1320128,Taoyuan County,5,2,1,4,TRUE
1320129,Taoyuan County,2,2,3,5,TRUE
1320132,Taoyuan County,2,2,2,5,TRUE
1320136,Taoyuan County,4,3,3,5,TRUE
1320137,Taoyuan County,1,1,1,5,TRUE
1320141,Taoyuan County,5,3,2,4,TRUE
1320143,Taoyuan County,2,2,1,5,TRUE
1320145,Taoyuan County,5,3,1,4,TRUE
1320146,Yunlin County,2,4,1,5,TRUE
1320148,Taoyuan County,9,4,2,6,TRUE
1320149,Taoyuan County,2,3,1,6,TRUE
1320150,Taoyuan County,2,2,1,3,TRUE
1320151,Taoyuan County,5,2,1,4,TRUE
1320153,Taoyuan County,9,2,1,6,TRUE
1320154,Taoyuan County,4,2,1,6,TRUE
1320155,Taoyuan County,8,3,2,4,TRUE
1320156,Taoyuan County,9,1,1,5,TRUE
1320157,Taoyuan County,3,3,1,5,TRUE
1320158,Taoyuan County,7,2,1,5,TRUE
1320159,Taoyuan County,3,2,1,4,TRUE
1320301,Taoyuan County,7,1,2,6,TRUE
1320306,Taoyuan County,4,3,1,5,TRUE
1320307,Taoyuan County,9,4,2,5,TRUE
1320308,Taoyuan County,4,3,1,6,TRUE
1320310,Taoyuan County,2,2,1,3,TRUE
1320311,Taipei City,10,4,2,5,TRUE
1320315,Miaoli County,2,4,2,5,FALSE
1320316,Taoyuan County,8,1,2,6,TRUE
1320319,Taoyuan County,2,2,3,5,TRUE
1320320,Taoyuan County,5,3,2,5,TRUE
1320322,Taoyuan County,7,3,1,6,TRUE
1320324,Taoyuan County,7,2,2,4,TRUE
1320325,Taoyuan County,8,4,1,6,FALSE
1320327,Taoyuan County,8,4,1,4,TRUE
1320328,Taoyuan County,9,2,3,4,TRUE
1320329,Taoyuan County,2,4,2,5,TRUE
1320330,Taoyuan County,7,4,2,5,TRUE
1320333,Taoyuan County,2,2,2,4,TRUE
1320334,Taoyuan County,7,3,2,6,TRUE
1320336,Taoyuan County,9,2,2,5,TRUE
1320338,Taoyuan County,2,2,2,5,TRUE
1320339,Taoyuan County,3,4,2,5,TRUE
1320341,Taoyuan County,1,1,2,5,TRUE
1320342,Taoyuan County,3,4,2,4,TRUE
1320343,Taoyuan County,3,3,2,4,TRUE
1320348,Taoyuan County,5,3,2,6,TRUE
1320349,Taoyuan County,1,1,2,6,TRUE
1320351,Taoyuan County,4,2,2,6,TRUE
1320352,Taoyuan County,2,3,3,5,TRUE
1320355,Taoyuan County,9,2,2,5,TRUE
1320359,Taoyuan County,1,1,2,5,TRUE
1324102,Taoyuan County,4,3,1,5,TRUE
1324105,Taoyuan County,3,3,1,4,TRUE
1324107,Taoyuan County,5,4,1,5,TRUE
1324109,Taoyuan County,2,3,2,5,TRUE
1324110,Taoyuan County,4,4,1,5,TRUE
1324111,Taoyuan County,3,4,2,3,TRUE
1324112,Taoyuan County,2,2,2,5,TRUE
1324113,Taoyuan County,2,2,2,5,TRUE
1324115,Taoyuan County,1,1,2,5,TRUE
1324116,Taoyuan County,2,3,2,5,TRUE
1324117,Taoyuan County,3,3,2,5,TRUE
1324118,Taoyuan County,9,1,1,4,TRUE
1324119,Taoyuan County,5,3,2,6,TRUE
1324120,Taoyuan County,4,4,2,5,TRUE
1324121,Taoyuan County,2,2,1,5,TRUE
1324122,Taoyuan County,7,3,1,5,TRUE
1324123,Taoyuan County,7,3,3,5,TRUE
1324124,Hsinchu County,3,4,1,5,TRUE
1324126,Taoyuan County,3,3,2,6,TRUE
1324127,Taoyuan County,2,2,2,5,TRUE
1324130,Taoyuan County,3,4,1,4,TRUE
1324131,Taoyuan County,3,4,1,4,TRUE
1324132,Taoyuan County,2,4,1,5,TRUE
1324133,Taipei County,3,3,2,5,TRUE
1324134,Taoyuan County,1,1,1,4,TRUE
1324138,Taoyuan County,1,1,1,5,TRUE
1324141,Hsinchu County,5,3,2,5,FALSE
1324143,Taoyuan County,2,2,1,5,TRUE
1324146,Taoyuan County,1,1,1,5,TRUE
1324147,Taoyuan County,2,2,2,5,TRUE
1324149,Miaoli County,2,4,2,-1,TRUE
1324301,Taoyuan County,2,2,2,5,TRUE
1324304,Taoyuan County,5,3,4,5,TRUE
1324306,Taoyuan County,3,4,1,5,TRUE
1324307,Taoyuan County,4,1,2,6,TRUE
1324309,Taoyuan County,5,3,2,5,TRUE
1324310,Taoyuan County,2,2,1,5,TRUE
1324311,Taoyuan County,7,2,2,6,TRUE
1324312,Taipei City,2,4,2,5,TRUE
1324313,Taoyuan County,7,3,2,5,TRUE
1324314,Taoyuan County,4,3,2,5,TRUE
1324315,Taoyuan County,2,4,2,6,TRUE
1324317,Taoyuan County,2,2,1,5,TRUE
1324318,Taoyuan County,2,2,2,5,TRUE
1324321,Taoyuan County,2,2,3,5,TRUE
1324323,Taoyuan County,2,4,2,5,TRUE
1324325,Taoyuan County,1,1,2,5,TRUE
1324326,Taoyuan County,3,3,1,4,TRUE
1324327,Pingtung County,2,4,1,6,FALSE
1324329,Taoyuan County,1,1,3,5,TRUE
1324333,Taoyuan County,4,3,2,4,TRUE
1324334,Taoyuan County,7,2,1,5,TRUE
1324335,Taipei County,3,4,2,5,TRUE
1324336,Taoyuan County,1,1,1,5,TRUE
1324337,Taoyuan County,5,2,1,4,TRUE
1324338,Taoyuan County,8,2,2,6,TRUE
1324339,Taoyuan County,5,4,2,6,TRUE
1324340,Taoyuan County,7,2,2,4,TRUE
1324341,Taoyuan County,3,4,1,5,TRUE
1324342,Taoyuan County,3,4,2,6,TRUE
1324343,Taoyuan County,7,2,2,5,TRUE
1324346,Taoyuan County,2,3,2,5,TRUE
1324348,Taoyuan County,9,2,2,6,TRUE
1324350,Taoyuan County,2,4,2,5,TRUE
1333103,Taoyuan County,2,2,1,5,TRUE
1333104,Taoyuan County,7,2,1,6,TRUE
1333105,Taoyuan County,5,3,1,6,TRUE
1333107,Taoyuan County,2,3,1,6,TRUE
1333109,Taoyuan County,5,4,5,3,TRUE
1333110,Taoyuan County,5,2,3,4,TRUE
1333111,Taoyuan County,2,2,1,5,TRUE
1333112,Taichung City,9,4,3,5,TRUE
1333113,Taoyuan County,5,3,1,4,TRUE
1333114,Taoyuan County,2,4,1,6,TRUE
1333115,Taoyuan County,8,3,3,5,TRUE
1333119,Taoyuan County,6,2,1,6,TRUE
1333120,Taoyuan County,5,3,1,6,TRUE
1333121,Taoyuan County,4,3,1,4,TRUE
1333122,Taoyuan County,3,3,1,6,FALSE
1333123,Taoyuan County,8,1,1,6,TRUE
1333124,Taoyuan County,7,3,2,6,TRUE
1333126,Taoyuan County,9,2,1,6,TRUE
1333127,Taoyuan County,2,2,1,5,TRUE
1333128,Taoyuan County,4,3,1,6,TRUE
1333130,Taoyuan County,5,2,1,6,TRUE
1333134,Taoyuan County,8,4,1,6,TRUE
1333137,Taoyuan County,2,3,1,5,TRUE
1333139,Taipei County,5,4,1,5,TRUE
1333140,Taoyuan County,7,2,1,6,TRUE
1333142,Taoyuan County,3,4,1,4,TRUE
1333145,Tainan County,2,4,3,5,TRUE
1333147,Taoyuan County,7,2,2,4,TRUE
1333148,Taoyuan County,5,3,1,5,TRUE
1333149,Taoyuan County,5,2,1,6,TRUE
1333150,Taoyuan County,8,2,1,6,TRUE
1333152,Taoyuan County,1,1,1,5,TRUE
1333301,Taoyuan County,3,2,1,6,TRUE
1333302,Taoyuan County,7,1,1,6,TRUE
1333304,Taoyuan County,2,3,3,6,TRUE
1333306,Taoyuan County,7,1,1,4,TRUE
1333307,Taoyuan County,5,3,1,6,TRUE
1333312,Taoyuan County,2,2,1,5,TRUE
1333313,Taoyuan County,5,3,3,4,TRUE
1333315,Taoyuan County,5,3,1,6,TRUE
1333316,Taoyuan County,2,2,1,5,TRUE
1333317,Taoyuan County,5,1,5,4,TRUE
1333318,Taoyuan County,7,3,1,6,TRUE
1333320,Taoyuan County,5,2,2,6,TRUE
1333321,Taoyuan County,9,2,1,4,TRUE
1333323,Taoyuan County,5,2,5,4,TRUE
1333325,Taoyuan County,5,2,1,6,TRUE
1333328,Taoyuan County,2,2,3,5,TRUE
1333329,Taoyuan County,1,1,1,5,TRUE
1333330,Taoyuan County,5,2,2,6,TRUE
1333333,Taoyuan County,8,1,1,6,TRUE
1333334,Taoyuan County,5,2,1,6,TRUE
1333335,Taoyuan County,3,4,2,5,TRUE
1333337,Taoyuan County,9,3,1,3,TRUE
1333338,Taoyuan County,4,3,1,6,TRUE
1333339,Taoyuan County,2,2,1,6,TRUE
1333341,Taoyuan County,3,4,1,4,TRUE
1333343,Taipei City,2,4,1,6,TRUE
1333346,Taoyuan County,4,2,3,4,TRUE
1333347,Taoyuan County,3,3,3,4,TRUE
1333349,Taoyuan County,3,4,1,5,TRUE
1333351,Taoyuan County,2,2,1,5,TRUE
1333352,Taoyuan County,8,2,3,5,TRUE
1333353,Taoyuan County,6,2,1,6,TRUE
1351101,Miaoli County,9,3,2,5,TRUE
1351102,Miaoli County,4,3,2,5,TRUE
1351103,Miaoli County,1,1,2,5,TRUE
1351104,Miaoli County,2,3,1,5,TRUE
1351106,Miaoli County,7,2,2,5,TRUE
1351107,Miaoli County,5,3,3,5,TRUE
1351108,Miaoli County,2,2,2,5,TRUE
1351109,Miaoli County,8,1,2,5,TRUE
1351113,Miaoli County,3,2,3,5,TRUE
1351114,Miaoli County,1,1,2,5,TRUE
1351115,Miaoli County,7,2,2,5,TRUE
1351117,Miaoli County,3,3,2,5,TRUE
1351119,Miaoli County,2,2,2,5,TRUE
1351120,Miaoli County,5,4,2,4,TRUE
1351121,Miaoli County,7,2,2,5,TRUE
1351122,Miaoli County,5,3,2,4,TRUE
1351123,Miaoli County,3,4,2,5,TRUE
1351127,Miaoli County,1,1,2,5,TRUE
1351133,Miaoli County,8,2,2,5,TRUE
1351136,Miaoli County,3,3,2,5,TRUE
1351303,Miaoli County,1,1,2,6,TRUE
1351304,Miaoli County,7,2,2,6,TRUE
1351305,Miaoli County,5,3,2,5,TRUE
1351308,Miaoli County,8,2,2,5,TRUE
1351309,Miaoli County,9,3,2,5,TRUE
1351311,Miaoli County,6,2,2,5,TRUE
1351313,Miaoli County,5,2,2,5,TRUE
1351315,Miaoli County,9,2,2,5,TRUE
1351316,Miaoli County,1,1,2,5,TRUE
1351319,Miaoli County,7,1,2,5,TRUE
1351320,Miaoli County,7,1,2,5,TRUE
1351321,Miaoli County,6,2,2,5,TRUE
1351322,Miaoli County,4,3,2,5,TRUE
1351323,Miaoli County,2,4,2,5,TRUE
1351324,Miaoli County,5,2,4,3,TRUE
1351325,Miaoli County,4,4,2,6,TRUE
1351332,Miaoli County,7,2,1,5,TRUE
1351333,Miaoli County,7,2,2,6,TRUE
1351335,Miaoli County,8,3,2,6,TRUE
1351338,Miaoli County,7,2,1,5,TRUE
1402104,Taichung City,3,4,1,6,TRUE
1402105,Taichung City,3,4,3,5,TRUE
1402107,Taichung City,2,3,1,4,TRUE
1402111,Taichung City,7,1,2,4,TRUE
1402112,Taichung City,5,3,1,5,TRUE
1402114,Taichung City,5,3,1,6,TRUE
1402115,Taichung City,1,1,1,5,TRUE
1402117,Taichung City,9,4,1,5,TRUE
1402118,Taichung City,3,3,1,5,TRUE
1402119,Taichung City,1,1,1,4,TRUE
1402122,Taichung City,7,3,1,5,TRUE
1402124,Taichung City,5,4,1,4,TRUE
1402128,Taichung City,3,3,1,6,TRUE
1402129,Taichung City,1,1,1,6,TRUE
1402130,Taichung City,4,3,3,6,TRUE
1402131,Taichung City,5,4,1,6,TRUE
1402133,Taichung City,5,3,1,4,TRUE
1402136,Taichung City,3,4,3,5,TRUE
1402142,Taichung City,5,2,1,4,TRUE
1402143,Taichung City,1,1,1,5,TRUE
1402146,Taichung City,7,2,1,4,TRUE
1402147,Taipei City,3,4,1,5,TRUE
1402148,Taichung City,2,2,1,5,TRUE
1402156,Taichung City,2,2,1,6,TRUE
1402158,Taichung City,5,3,2,5,TRUE
1402159,Taichung City,3,3,1,4,TRUE
1402163,Taichung City,3,3,1,3,TRUE
1402164,Taichung City,4,4,1,4,TRUE
1402166,Taichung City,7,3,3,4,TRUE
1402304,Taichung City,3,3,3,6,TRUE
1402307,Taichung City,7,2,1,4,TRUE
1402311,Taichung City,5,3,1,6,TRUE
1402314,Taichung City,1,1,3,5,TRUE
1402315,Taichung City,3,4,1,5,TRUE
1402317,Taichung City,5,3,1,4,TRUE
1402318,Taichung City,5,2,1,4,TRUE
1402320,Taichung City,2,4,1,5,TRUE
1402321,Taichung City,2,2,1,5,TRUE
1402322,Taichung City,3,4,1,5,TRUE
1402325,Taichung City,4,2,1,6,TRUE
1402326,Taichung City,5,4,1,5,TRUE
1402327,Taichung City,7,2,1,6,TRUE
1402329,Taichung City,7,3,1,5,TRUE
1402331,Taichung City,5,3,1,5,TRUE
1402335,Taichung City,7,3,1,4,TRUE
1402337,Taichung City,1,1,1,5,TRUE
1402338,Taichung County,1,1,1,5,TRUE
1402339,Taichung City,5,2,1,6,TRUE
1402340,Taichung City,7,2,1,5,TRUE
1402347,Taichung City,2,2,3,5,TRUE
1402354,Taichung City,7,2,1,6,TRUE
1402357,Taichung City,4,3,2,5,TRUE
1402364,Taichung City,5,2,2,4,TRUE
1406101,Taichung City,5,3,3,6,TRUE
1406102,Taichung City,2,2,1,4,TRUE
1406104,Taichung City,3,4,1,6,TRUE
1406107,Taichung City,2,4,1,6,TRUE
1406109,Taichung City,5,3,3,5,TRUE
1406110,Taichung City,9,1,1,6,TRUE
1406111,Taichung City,4,3,1,6,TRUE
1406112,Taichung City,1,1,1,3,TRUE
1406115,Taichung City,3,4,3,6,TRUE
1406116,Taichung City,7,2,1,6,TRUE
1406117,Taichung City,1,1,1,5,TRUE
1406122,Taichung City,3,3,1,6,TRUE
1406123,Taichung City,4,3,1,6,TRUE
1406124,Taichung City,3,4,1,6,TRUE
1406130,Taichung City,2,2,1,5,TRUE
1406131,Taichung City,4,3,2,5,TRUE
1406132,Taichung City,8,3,1,4,TRUE
1406135,Taichung City,3,3,1,4,TRUE
1406136,Taichung City,2,2,1,5,TRUE
1406137,Taichung City,2,2,1,4,TRUE
1406142,Taichung City,2,4,1,5,TRUE
1406143,Taichung City,3,3,1,6,TRUE
1406144,Taichung City,7,1,2,6,TRUE
1406145,Taichung City,9,4,1,6,TRUE
1406147,Taichung City,9,2,1,4,TRUE
1406148,Taichung City,8,2,3,5,TRUE
1406150,Taichung City,1,1,1,6,TRUE
1406151,Taichung City,2,3,1,5,TRUE
1406154,Taichung City,3,2,1,6,TRUE
1406156,Taichung County,2,3,1,5,TRUE
1406160,Taichung County,2,2,1,5,TRUE
1406161,Taichung City,1,1,1,6,TRUE
1406162,Taichung City,9,1,1,-1,TRUE
1406163,Taichung City,9,1,1,5,TRUE
1406164,Taichung City,4,3,1,5,TRUE
1406166,Taichung City,3,3,1,6,TRUE
1406167,Nantou County,2,2,1,4,TRUE
1406168,Taichung City,7,2,1,4,TRUE
1406310,Taichung City,8,3,3,5,TRUE
1406311,Taichung City,3,3,2,6,TRUE
1406315,Taichung City,3,4,1,6,TRUE
1406334,Taichung City,3,4,3,6,TRUE
1406335,Taichung City,3,4,3,5,TRUE
1406336,Taichung City,2,2,1,6,TRUE
1406347,Taichung City,7,3,2,4,TRUE
1406348,Taichung City,2,4,1,6,TRUE
1406349,Taichung City,4,3,1,6,TRUE
1406350,Taichung City,3,4,3,6,TRUE
1406351,Taichung City,5,3,2,5,TRUE
1406352,Taichung City,2,4,2,3,TRUE
1406358,Taichung City,7,2,1,6,TRUE
1406360,Taichung City,7,2,1,5,TRUE
1406361,Taichung City,4,3,1,6,TRUE
1406362,Taichung City,4,3,1,6,TRUE
1406363,Taichung City,3,3,1,6,TRUE
1406366,Taichung City,3,4,3,6,TRUE
1433103,Taichung County,1,1,1,6,TRUE
1433106,Taichung County,5,3,1,4,TRUE
1433107,Taichung County,8,1,1,4,TRUE
1433109,Taichung County,2,2,1,6,TRUE
1433111,Taichung County,2,2,1,6,TRUE
1433113,Taichung County,3,4,1,6,TRUE
1433114,Taichung County,4,4,1,6,TRUE
1433116,Taichung County,2,2,1,6,TRUE
1433117,Taichung County,5,2,1,6,TRUE
1433118,Taichung County,5,2,1,6,TRUE
1433120,Taichung County,5,2,1,6,TRUE
1433121,Taichung County,5,3,1,6,TRUE
1433123,Taichung County,3,2,1,6,TRUE
1433125,Taichung County,7,3,1,6,TRUE
1433127,Taichung County,9,2,1,6,TRUE
1433128,Taichung County,3,3,1,6,TRUE
1433130,Taichung County,2,2,1,6,TRUE
1433132,Taichung County,10,4,3,3,TRUE
1433135,Taichung County,4,2,1,6,TRUE
1433137,Taichung County,3,3,1,6,TRUE
1433138,Taichung County,5,3,1,6,TRUE
1433139,Taichung County,1,1,1,6,TRUE
1433141,Taichung County,5,3,1,6,TRUE
1433142,Taichung County,2,3,1,6,TRUE
1433145,Taichung County,5,2,1,6,TRUE
1433146,Taichung County,2,2,1,6,TRUE
1433148,Taichung County,2,2,1,6,TRUE
1433149,Taichung County,2,3,1,4,TRUE
1433150,Taichung County,2,2,1,6,TRUE
1433155,Taichung County,9,2,1,4,TRUE
1433156,Taichung County,2,3,1,6,TRUE
1433157,Taichung County,2,2,1,6,TRUE
1433302,Taichung County,4,4,1,6,TRUE
1433306,Taichung County,2,2,1,4,TRUE
1433307,Taichung County,2,2,2,6,TRUE
1433310,Taichung County,5,2,1,6,TRUE
1433312,Taichung County,5,2,2,4,TRUE
1433313,Taichung County,3,3,3,6,TRUE
1433314,Taichung County,3,4,1,6,TRUE
1433315,Taichung County,3,3,2,6,TRUE
1433316,Taichung County,2,2,3,6,TRUE
1433318,Taichung County,1,1,1,6,TRUE
1433321,Taichung County,4,3,1,6,TRUE
1433323,Taichung County,5,2,2,6,TRUE
1433324,Taichung County,2,3,1,6,TRUE
1433325,Taichung County,4,3,3,6,TRUE
1433327,Taichung County,3,4,3,6,TRUE
1433329,Taichung County,3,3,3,6,TRUE
1433332,Taichung County,5,4,1,6,TRUE
1433333,Taichung County,9,3,1,6,TRUE
1433334,Taichung County,4,2,1,6,TRUE
1433337,Taichung County,2,4,3,6,TRUE
1433339,Taichung County,2,2,4,3,TRUE
1433341,Taichung County,3,3,1,6,TRUE
1433343,Taichung County,9,2,1,6,TRUE
1433344,Taichung County,7,2,1,4,TRUE
1433349,Taichung County,4,3,1,4,TRUE
1433350,Taichung County,3,4,1,6,TRUE
1433351,Taichung County,1,1,1,6,TRUE
1433354,Taichung County,7,4,1,6,TRUE
1433355,Taichung County,2,2,1,6,TRUE
1433357,Taichung County,8,1,3,4,TRUE
1433358,Taichung County,4,1,1,6,TRUE
1433359,Taichung County,2,2,1,6,TRUE
1503101,Changhua County,5,3,1,6,TRUE
1503102,Changhua County,1,1,1,6,TRUE
1503103,Changhua County,2,3,1,6,TRUE
1503104,Changhua County,3,4,1,5,TRUE
1503106,Changhua County,2,4,1,6,TRUE
1503109,Changhua County,4,3,1,5,TRUE
1503111,Changhua County,5,3,1,4,TRUE
1503114,Changhua County,5,2,1,3,TRUE
1503115,Changhua County,7,1,1,6,TRUE
1503116,Changhua County,4,4,1,6,TRUE
1503118,Changhua County,5,3,4,3,TRUE
1503119,Changhua County,1,1,1,6,TRUE
1503120,Changhua County,5,3,1,6,TRUE
1503121,Hsinchu City,2,4,1,6,TRUE
1503124,Changhua County,8,1,2,4,TRUE
1503126,Changhua County,8,2,1,4,TRUE
1503128,Changhua County,2,2,5,6,TRUE
1503130,Changhua County,5,3,1,5,TRUE
1503133,Changhua County,5,2,1,6,TRUE
1503135,Changhua County,5,2,1,4,TRUE
1503136,Changhua County,2,2,1,6,TRUE
1503137,Changhua County,3,3,1,6,TRUE
1503138,Changhua County,1,1,1,6,TRUE
1503140,Changhua County,9,1,1,4,TRUE
1503143,Changhua County,9,1,1,6,TRUE
1503144,Changhua County,7,2,1,6,TRUE
1503145,Changhua County,4,3,1,6,TRUE
1503146,Taichung County,5,3,1,6,TRUE
1503147,Changhua County,3,3,2,6,TRUE
1503152,Changhua County,5,4,1,4,TRUE
1503153,Changhua County,5,3,1,6,TRUE
1503156,Changhua County,3,4,1,6,TRUE
1503157,Changhua County,1,1,1,4,TRUE
1503159,Changhua County,3,4,3,5,TRUE
1503301,Changhua County,3,4,1,5,TRUE
1503302,Changhua County,3,3,1,6,TRUE
1503303,Changhua County,2,2,1,6,TRUE
1503304,Changhua County,4,3,1,6,TRUE
1503305,Changhua County,3,4,1,6,TRUE
1503306,Changhua County,7,2,1,6,TRUE
1503307,Changhua County,7,2,1,6,TRUE
1503309,Changhua County,5,3,1,6,TRUE
1503310,Changhua County,7,2,1,6,TRUE
1503312,Changhua County,2,3,1,6,TRUE
1503314,Changhua County,2,4,1,5,TRUE
1503318,Yunlin County,2,4,1,3,TRUE
1503319,Changhua County,8,2,1,6,TRUE
1503321,Tainan County,5,4,1,6,TRUE
1503322,Changhua County,3,4,1,5,TRUE
1503323,Changhua County,8,2,1,6,TRUE
1503325,Changhua County,3,4,1,6,TRUE
1503328,Yunlin County,2,4,1,5,TRUE
1503329,Changhua County,2,2,1,6,TRUE
1503330,Changhua County,1,1,1,5,TRUE
1503331,Changhua County,8,1,1,6,TRUE
1503333,Changhua County,2,2,1,5,TRUE
1503335,Changhua County,3,4,1,5,TRUE
1503336,Changhua County,1,1,1,4,TRUE
1503337,Changhua County,5,2,1,5,TRUE
1503338,Changhua County,5,2,1,4,TRUE
1503340,Changhua County,8,2,3,5,TRUE
1503341,Hsinchu City,3,4,1,6,TRUE
1503343,Changhua County,3,4,1,4,TRUE
1503344,Changhua County,7,3,1,6,TRUE
1503345,Changhua County,6,2,1,6,TRUE
1503347,Changhua County,3,3,1,6,TRUE
1503348,Changhua County,5,2,1,6,TRUE
1503349,Changhua County,5,2,1,6,TRUE
1503352,Changhua County,1,1,1,5,TRUE
1503353,Changhua County,2,2,1,4,TRUE
1503354,Changhua County,5,3,1,6,TRUE
1503355,Changhua County,8,1,1,6,TRUE
1503357,Changhua County,2,2,1,6,TRUE
1503358,Changhua County,7,1,1,6,TRUE
1503359,Changhua County,9,2,1,6,TRUE
1524103,Changhua County,6,2,1,6,FALSE
1524105,Changhua County,2,3,2,5,FALSE
1524106,Changhua County,3,4,1,-1,FALSE
1524108,Changhua County,7,1,1,6,FALSE
1524109,Changhua County,5,3,1,4,FALSE
1524110,Changhua County,1,1,1,5,FALSE
1524112,Changhua County,6,2,1,6,FALSE
1524113,Changhua County,6,2,2,4,FALSE
1524119,Changhua County,5,2,1,6,TRUE
1524121,Changhua County,2,2,2,5,FALSE
1524122,Changhua County,9,2,1,6,FALSE
1524123,Taichung City,7,2,1,6,TRUE
1524124,Changhua County,6,3,1,6,FALSE
1524125,Changhua County,2,2,2,5,FALSE
1524126,Changhua County,9,2,2,4,FALSE
1524127,Changhua County,9,2,1,6,FALSE
1524128,Changhua County,6,2,2,5,FALSE
1524130,Changhua County,5,3,2,6,FALSE
1524133,Changhua County,4,3,1,6,FALSE
1524134,Changhua County,7,1,2,6,FALSE
1524301,Changhua County,7,3,1,4,FALSE
1524304,Changhua County,3,4,1,6,FALSE
1524306,Changhua County,6,1,1,5,FALSE
1524309,Changhua County,3,3,1,5,FALSE
1524311,Changhua County,7,3,1,5,FALSE
1524312,Changhua County,2,2,1,5,FALSE
1524313,Changhua County,6,2,1,6,FALSE
1524315,Changhua County,6,2,1,6,FALSE
1524316,Changhua County,5,3,1,6,FALSE
1524317,Changhua County,3,3,2,6,FALSE
1524318,Changhua County,3,4,1,6,FALSE
1524319,Changhua County,7,2,1,6,FALSE
1524321,Changhua County,6,2,1,6,FALSE
1524322,Changhua County,6,2,1,5,FALSE
1524323,Changhua County,9,3,1,5,TRUE
1524325,Changhua County,6,2,1,6,FALSE
1524326,Changhua County,7,2,2,6,FALSE
1524327,Changhua County,2,2,1,6,FALSE
1524328,Changhua County,2,2,1,5,FALSE
1524329,Changhua County,4,3,1,4,FALSE
1524330,Changhua County,2,4,1,3,FALSE
1524331,Changhua County,5,3,1,6,FALSE
1524333,Changhua County,6,2,1,4,FALSE
1524334,Changhua County,6,2,1,6,FALSE
1524335,Changhua County,5,2,1,6,FALSE
1542101,Nantou County,3,4,1,5,TRUE
1542102,Nantou County,6,1,1,6,TRUE
1542104,Nantou County,3,4,1,6,TRUE
1542105,Nantou County,3,3,1,6,TRUE
1542107,Nantou County,5,2,1,6,TRUE
1542108,Nantou County,5,3,2,6,TRUE
1542109,Nantou County,7,1,1,6,TRUE
1542110,Nantou County,7,2,1,4,TRUE
1542114,Nantou County,2,2,1,5,TRUE
1542116,Nantou County,5,4,1,6,TRUE
1542117,Nantou County,7,1,1,6,TRUE
1542119,Nantou County,2,3,1,6,TRUE
1542120,Nantou County,1,1,1,6,TRUE
1542122,Nantou County,6,2,1,6,TRUE
1542125,Nantou County,8,2,1,6,TRUE
1542126,Nantou County,5,3,1,6,TRUE
1542128,Nantou County,5,2,1,6,TRUE
1542130,Nantou County,5,3,1,5,TRUE
1542131,Nantou County,7,3,1,6,TRUE
1542132,Nantou County,7,2,1,6,TRUE
1542133,Nantou County,2,2,1,6,TRUE
1542134,Nantou County,9,3,1,6,TRUE
1542136,Nantou County,2,3,1,6,TRUE
1542137,Nantou County,5,2,1,6,TRUE
1542138,Nantou County,3,3,1,6,TRUE
1542139,Nantou County,6,2,1,6,TRUE
1542140,Nantou County,5,2,1,6,TRUE
1542142,Nantou County,2,3,1,6,TRUE
1542143,Taichung County,5,2,1,6,TRUE
1542144,Nantou County,2,2,1,5,TRUE
1542145,Nantou County,5,2,1,6,TRUE
1542148,Nantou County,2,3,1,5,TRUE
1542149,Nantou County,7,2,1,6,TRUE
1542152,Nantou County,4,3,1,3,TRUE
1542153,Nantou County,6,1,1,6,TRUE
1542154,Nantou County,3,4,1,5,TRUE
1542156,Nantou County,1,1,1,5,TRUE
1542158,Nantou County,7,3,3,6,TRUE
1542159,Taichung City,2,2,1,5,TRUE
1542301,Nantou County,6,3,1,6,TRUE
1542305,Nantou County,5,2,1,6,TRUE
1542306,Nantou County,2,2,1,5,TRUE
1542308,Nantou County,6,3,1,6,TRUE
1542309,Nantou County,4,3,1,6,TRUE
1542310,Nantou County,6,2,1,6,TRUE
1542314,Nantou County,5,2,1,6,TRUE
1542315,Nantou County,2,2,1,5,TRUE
1542316,Nantou County,9,1,1,6,TRUE
1542317,Nantou County,5,2,1,5,TRUE
1542318,Nantou County,9,3,1,6,TRUE
1542320,Nantou County,6,2,1,6,TRUE
1542322,Nantou County,9,1,1,6,TRUE
1542325,Nantou County,6,3,1,6,TRUE
1542326,Yunlin County,3,4,1,6,FALSE
1542328,Nantou County,7,1,1,6,TRUE
1542329,Nantou County,9,2,1,6,TRUE
1542331,Nantou County,9,2,1,6,TRUE
1542332,Nantou County,2,2,1,5,TRUE
1542334,Nantou County,3,3,1,6,TRUE
1542335,Nantou County,3,4,1,5,TRUE
1542336,Nantou County,5,2,1,6,TRUE
1542338,Nantou County,5,3,1,6,TRUE
1542340,Nantou County,5,2,5,5,TRUE
1542341,Nantou County,2,2,1,6,TRUE
1542344,Nantou County,7,3,1,6,TRUE
1542348,Nantou County,2,2,1,5,TRUE
1542350,Nantou County,3,3,1,6,TRUE
1542353,Nantou County,7,2,1,5,TRUE
1542354,Nantou County,6,3,1,6,TRUE
1542359,Nantou County,2,2,1,5,TRUE
1606101,Chiayi County,5,3,1,6,FALSE
1606102,Chiayi County,5,3,1,6,FALSE
1606104,Chiayi County,3,3,3,6,FALSE
1606105,Chiayi City,2,2,1,6,TRUE
1606108,Taipei City,3,4,1,4,TRUE
1606109,Chiayi County,2,2,1,6,FALSE
1606110,Chiayi County,2,3,1,6,FALSE
1606111,Chiayi County,7,1,1,3,FALSE
1606112,Chiayi City,3,3,1,6,TRUE
1606113,Chiayi County,8,2,1,6,FALSE
1606114,Chiayi County,2,2,1,6,FALSE
1606115,Chiayi County,6,1,1,6,FALSE
1606117,Chiayi County,2,2,1,6,FALSE
1606119,Chiayi County,4,3,1,6,FALSE
1606120,Chiayi County,2,2,1,6,FALSE
1606124,Yunlin County,7,1,1,6,FALSE
1606125,Chiayi County,7,2,1,6,FALSE
1606126,Chiayi County,3,4,1,6,FALSE
1606127,Taichung County,3,4,1,6,TRUE
1606128,Chiayi County,1,1,1,6,FALSE
1606129,Chiayi County,3,3,1,6,FALSE
1606130,Chiayi County,2,2,1,6,FALSE
1606131,Chiayi County,1,1,1,6,FALSE
1606132,Chiayi County,2,2,1,6,FALSE
1606133,Tainan County,1,1,1,5,TRUE
1606134,Chiayi County,5,3,1,6,FALSE
1606135,Chiayi County,2,3,1,6,FALSE
1606137,Chiayi County,4,3,1,6,FALSE
1606303,Chiayi County,9,2,1,6,FALSE
1606306,Chiayi County,3,4,1,6,FALSE
1606307,Chiayi County,1,3,1,6,FALSE
1606308,Chiayi County,4,3,1,6,FALSE
1606309,Chiayi City,4,3,1,6,TRUE
1606310,Chiayi County,1,1,1,6,FALSE
1606313,Chiayi County,8,4,1,4,FALSE
1606315,Chiayi County,4,3,1,6,FALSE
1606317,Chiayi County,2,2,1,6,FALSE
1606319,Chiayi County,3,3,1,4,FALSE
1606320,Chiayi County,7,3,1,6,FALSE
1606322,Chiayi County,2,2,1,6,FALSE
1606323,Chiayi County,6,2,1,6,FALSE
1606327,Chiayi County,7,3,1,6,FALSE
1606328,Chiayi County,10,4,1,3,FALSE
1606329,Chiayi County,2,3,1,6,FALSE
1606330,Chiayi County,4,3,1,6,FALSE
1606331,Chiayi County,4,3,1,6,FALSE
1606333,Chiayi County,1,1,1,6,FALSE
1606334,Chiayi County,2,3,1,6,FALSE
1606335,Chiayi County,5,3,1,6,FALSE
1606336,Chiayi County,4,2,1,6,FALSE
1606338,Chiayi County,6,3,1,6,FALSE
1616101,Chiayi County,7,3,1,6,FALSE
1616103,Chiayi County,3,3,1,6,FALSE
1616104,Chiayi County,6,2,1,6,FALSE
1616105,Chiayi County,8,4,1,6,FALSE
1616106,Taipei County,5,2,1,6,TRUE
1616107,Chiayi County,9,3,1,6,FALSE
1616108,Chiayi County,2,4,1,5,FALSE
1616112,Chiayi County,6,2,1,6,FALSE
1616115,Chiayi County,2,3,1,6,FALSE
1616116,Chiayi County,5,3,1,6,FALSE
1616117,Chiayi County,7,2,1,6,FALSE
1616119,Chiayi City,7,3,1,6,TRUE
1616120,Chiayi County,5,2,1,6,FALSE
1616121,Chiayi County,4,2,1,6,FALSE
1616123,Chiayi County,1,1,1,6,FALSE
1616124,Chiayi County,6,2,1,6,FALSE
1616125,Yunlin County,1,1,1,6,FALSE
1616126,Pingtung County,2,4,1,6,FALSE
1616128,Chiayi County,4,2,1,6,FALSE
1616130,Chiayi County,4,3,1,6,FALSE
1616304,Chiayi County,6,1,1,6,FALSE
1616305,Chiayi County,4,3,1,6,FALSE
1616306,Chiayi County,6,2,1,6,FALSE
1616307,Chiayi County,6,2,1,6,FALSE
1616308,Chiayi County,7,3,1,6,FALSE
1616311,Chiayi County,4,3,1,6,FALSE
1616312,Chiayi County,5,3,1,6,FALSE
1616313,Chiayi County,7,2,1,6,FALSE
1616315,Chiayi County,7,2,1,6,FALSE
1616318,Chiayi County,6,2,1,6,FALSE
1616319,Chiayi County,5,2,1,6,FALSE
1616320,Tainan County,3,4,1,5,TRUE
1616322,Chiayi County,10,3,1,6,TRUE
1616323,Chiayi County,2,2,1,6,FALSE
1616324,Chiayi County,2,2,1,6,FALSE
1616325,Chiayi County,2,2,1,6,FALSE
1616327,Chiayi County,2,4,1,5,FALSE
1616328,Chiayi County,3,3,1,6,FALSE
1616329,Chiayi County,9,2,1,6,FALSE
1616330,Chiayi County,2,3,1,5,FALSE
1623102,Chiayi County,7,1,1,6,FALSE
1623103,Chiayi County,6,1,1,6,FALSE
1623104,Chiayi County,5,2,1,6,FALSE
1623106,Chiayi County,5,2,1,6,FALSE
1623108,Taipei City,5,3,1,5,TRUE
1623109,Chiayi County,7,2,1,6,FALSE
1623110,Chiayi County,1,1,1,6,FALSE
1623111,Chiayi County,2,3,1,6,FALSE
1623113,Chiayi County,5,3,1,6,FALSE
1623114,Chiayi County,5,2,1,6,FALSE
1623115,Chiayi County,5,3,1,4,FALSE
1623118,Chiayi County,6,3,1,5,FALSE
1623119,Chiayi County,7,3,1,4,FALSE
1623120,Chiayi County,6,1,1,6,FALSE
1623122,Chiayi County,6,2,1,5,FALSE
1623123,Chiayi County,9,2,1,4,FALSE
1623126,Chiayi County,7,2,1,6,FALSE
1623127,Chiayi County,3,3,1,5,FALSE
1623129,Chiayi County,3,4,1,5,FALSE
1623130,Chiayi County,6,2,1,6,FALSE
1623303,Chiayi County,5,2,1,6,FALSE
1623304,Chiayi County,9,2,1,5,FALSE
1623305,Chiayi County,6,2,1,6,FALSE
1623306,Chiayi County,3,3,1,6,FALSE
1623307,Taipei County,9,3,1,5,TRUE
1623309,Chiayi County,2,3,1,5,FALSE
1623310,Chiayi County,9,2,1,6,FALSE
1623311,Taipei County,9,2,1,4,TRUE
1623312,Chiayi County,6,2,1,6,FALSE
1623315,Chiayi County,2,2,1,5,FALSE
1623316,Chiayi County,2,2,1,5,FALSE
1623317,Chiayi County,9,3,1,6,FALSE
1623318,Taichung City,4,3,1,5,TRUE
1623319,Chiayi County,6,2,1,6,FALSE
1623320,Chiayi County,9,1,1,6,FALSE
1623321,Chiayi County,6,2,1,6,FALSE
1623322,Chiayi County,3,2,1,4,FALSE
1623323,Chiayi County,2,2,1,6,FALSE
1623324,Chiayi County,4,3,1,5,FALSE
1623325,Chiayi County,5,3,1,6,FALSE
1623326,Yunlin County,1,1,1,5,FALSE
1643101,Yunlin County,8,1,1,6,FALSE
1643102,Yunlin County,4,3,1,6,FALSE
1643103,Yunlin County,7,3,1,6,FALSE
1643106,Yunlin County,2,2,1,6,FALSE
1643107,Yunlin County,5,2,1,6,FALSE
1643108,Yunlin County,6,2,1,6,FALSE
1643110,Yunlin County,2,2,1,6,TRUE
1643111,Yunlin County,7,3,1,6,FALSE
1643112,Yunlin County,8,2,1,6,FALSE
1643113,Yunlin County,2,2,1,6,FALSE
1643115,Yunlin County,7,2,1,4,FALSE
1643118,Yunlin County,5,3,1,5,FALSE
1643120,Yunlin County,5,3,1,6,FALSE
1643121,Yunlin County,1,1,1,5,FALSE
1643122,Yunlin County,3,4,1,6,TRUE
1643123,Tainan County,2,4,1,6,TRUE
1643124,Yunlin County,8,2,1,6,FALSE
1643125,Nantou County,1,1,1,5,FALSE
1643127,Yunlin County,8,1,1,6,FALSE
1643128,Yunlin County,3,2,1,6,FALSE
1643302,Yunlin County,1,1,1,5,FALSE
1643303,Yunlin County,9,3,1,6,FALSE
1643305,Yunlin County,5,2,1,6,FALSE
1643310,Yunlin County,2,3,1,6,FALSE
1643312,Yunlin County,5,2,1,6,FALSE
1643313,Yunlin County,4,3,1,6,FALSE
1643315,Yunlin County,5,3,1,6,FALSE
1643316,Yunlin County,3,3,1,6,FALSE
1643319,Yunlin County,5,2,1,6,FALSE
1643322,Yunlin County,8,1,1,6,FALSE
1643323,Yunlin County,2,2,1,6,FALSE
1643326,Yunlin County,2,2,1,5,FALSE
1704103,Tainan City,3,4,1,4,TRUE
1704106,Tainan City,1,1,1,5,TRUE
1704107,Tainan City,2,4,1,4,TRUE
1704109,Tainan City,2,2,1,5,TRUE
1704112,Tainan City,7,1,1,4,TRUE
1704115,Tainan City,3,4,3,4,TRUE
1704116,Tainan City,3,3,1,4,TRUE
1704117,Tainan City,5,2,1,4,TRUE
1704120,Tainan City,2,2,1,5,TRUE
1704121,Tainan City,2,2,1,6,TRUE
1704124,Taichung City,2,4,1,6,TRUE
1704126,Tainan City,1,1,1,5,TRUE
1704127,Tainan City,3,4,1,6,TRUE
1704129,Tainan City,8,2,1,6,TRUE
1704131,Tainan City,4,2,1,6,TRUE
1704139,Tainan City,7,2,1,5,TRUE
1704140,Tainan City,3,4,1,5,TRUE
1704145,Kaohsiung County,3,4,1,6,TRUE
1704146,Tainan City,5,2,1,4,TRUE
1704149,Tainan City,1,1,1,6,TRUE
1704151,Tainan City,5,3,1,5,TRUE
1704153,Tainan City,10,3,1,6,TRUE
1704155,Tainan City,8,1,1,4,TRUE
1704157,Tainan City,1,1,1,4,TRUE
1704158,Tainan City,5,3,1,5,TRUE
1704162,Tainan City,2,2,1,5,TRUE
1704165,Tainan City,7,4,1,5,TRUE
1704166,Tainan City,3,4,1,6,TRUE
1704167,Tainan City,7,3,1,4,TRUE
1704174,Tainan City,2,2,1,5,TRUE
1704182,Tainan City,3,4,1,5,TRUE
1704183,Tainan City,2,2,1,5,TRUE
1704184,Taipei City,5,4,3,5,TRUE
1704302,Tainan City,4,3,3,5,TRUE
1704306,Tainan City,8,3,3,5,TRUE
1704311,Tainan City,7,4,2,4,TRUE
1704313,Tainan City,9,2,3,5,TRUE
1704314,Tainan City,8,2,1,4,TRUE
1704315,Tainan City,9,3,3,3,TRUE
1704317,Tainan City,2,2,2,3,TRUE
1704324,Tainan City,2,2,1,5,TRUE
1704326,Tainan City,3,4,1,5,TRUE
1704332,Tainan City,4,3,1,5,TRUE
1704337,Tainan City,7,1,3,6,TRUE
1704338,Tainan City,3,3,1,5,TRUE
1704351,Tainan City,8,3,3,5,TRUE
1704353,Tainan City,5,3,3,4,TRUE
1704355,Tainan City,8,1,1,4,TRUE
1704356,Tainan City,2,2,1,5,TRUE
1704359,Tainan City,9,2,1,4,TRUE
1704361,Tainan City,9,2,1,3,TRUE
1704362,Tainan City,8,2,3,5,TRUE
1704365,Tainan City,2,2,1,5,TRUE
1704366,Tainan City,4,3,1,4,TRUE
1704367,Tainan City,3,4,1,5,TRUE
1704369,Tainan City,9,3,1,5,TRUE
1704371,Tainan City,5,2,1,4,TRUE
1704375,Tainan City,4,3,1,6,TRUE
1704376,Tainan City,7,2,1,4,TRUE
1704377,Tainan City,4,4,3,4,TRUE
1704378,Tainan City,8,2,1,4,TRUE
1704380,Tainan City,3,3,1,5,TRUE
1704382,Tainan City,5,2,1,6,TRUE
1718102,Tainan County,2,2,1,6,TRUE
1718103,Tainan County,3,3,2,6,TRUE
1718104,Tainan County,5,4,1,5,TRUE
1718106,Tainan County,5,3,1,6,TRUE
1718107,Tainan County,5,3,1,6,TRUE
1718109,Tainan County,5,2,1,6,TRUE
1718111,Tainan County,2,2,1,5,TRUE
1718112,Tainan County,5,3,1,5,TRUE
1718115,Tainan County,4,3,1,6,TRUE
1718117,Tainan County,7,2,1,6,TRUE
1718118,Tainan County,5,4,1,6,TRUE
1718119,Tainan County,3,2,1,4,TRUE
1718121,Tainan County,5,3,1,6,TRUE
1718123,Tainan County,9,1,1,6,TRUE
1718124,Tainan County,2,2,1,5,TRUE
1718125,Tainan County,4,3,1,6,TRUE
1718126,Tainan County,5,2,1,6,TRUE
1718127,Tainan County,1,1,1,6,TRUE
1718128,Tainan County,5,3,1,6,TRUE
1718130,Tainan County,5,2,1,6,TRUE
1718131,Tainan County,1,1,1,6,TRUE
1718301,Tainan County,9,2,1,6,TRUE
1718302,Tainan County,4,2,3,5,TRUE
1718303,Tainan City,4,4,1,5,TRUE
1718305,Tainan County,4,2,1,6,TRUE
1718307,Tainan County,9,4,1,6,TRUE
1718312,Tainan County,4,2,1,6,TRUE
1718313,Tainan County,1,1,1,6,TRUE
1718315,Tainan County,2,2,1,6,TRUE
1718317,Tainan County,2,2,1,6,TRUE
1718318,Tainan County,7,2,1,6,TRUE
1718322,Tainan County,7,2,1,6,TRUE
1718324,Tainan County,9,1,1,6,TRUE
1718325,Tainan County,5,3,1,5,TRUE
1718326,Tainan County,10,3,1,6,TRUE
1718327,Taipei City,3,4,1,5,TRUE
1718328,Tainan County,2,3,1,6,TRUE
1718329,Tainan County,6,4,1,5,TRUE
1718330,Tainan County,1,1,1,5,TRUE
1718331,Tainan County,5,3,1,6,TRUE
1718332,Tainan County,9,4,1,6,TRUE
1806101,Kaohsiung City,4,3,1,5,TRUE
1806103,Kaohsiung City,1,1,1,5,TRUE
1806104,Kaohsiung City,7,1,1,6,TRUE
1806106,Kaohsiung City,5,4,1,6,TRUE
1806107,Kaohsiung City,1,1,3,6,TRUE
1806113,Kaohsiung City,3,3,1,3,TRUE
1806115,Kaohsiung City,3,3,2,5,TRUE
1806116,Kaohsiung City,7,3,1,4,TRUE
1806118,Kaohsiung City,2,3,1,5,TRUE
1806119,Kaohsiung City,5,2,1,6,TRUE
1806120,Kaohsiung City,7,2,1,6,TRUE
1806122,Kaohsiung City,3,3,1,6,TRUE
1806124,Kaohsiung City,7,3,1,5,TRUE
1806127,Kaohsiung City,3,4,1,6,TRUE
1806128,Kaohsiung City,8,3,1,6,TRUE
1806133,Kaohsiung City,7,2,1,6,TRUE
1806136,Kaohsiung City,4,3,3,6,TRUE
1806137,Kaohsiung City,3,4,1,5,TRUE
1806138,Kaohsiung City,7,3,1,6,TRUE
1806141,Kaohsiung City,3,4,1,5,TRUE
1806142,Kaohsiung City,7,3,1,4,TRUE
1806143,Kaohsiung City,1,1,1,5,TRUE
1806149,Kaohsiung City,3,4,1,6,TRUE
1806150,Kaohsiung City,3,4,1,5,TRUE
1806151,Kaohsiung City,1,1,2,5,TRUE
1806152,Kaohsiung City,3,4,1,5,TRUE
1806153,Kaohsiung City,5,3,1,5,TRUE
1806301,Tainan County,3,3,1,6,TRUE
1806302,Kaohsiung City,3,4,1,6,TRUE
1806307,Kaohsiung City,5,2,1,6,TRUE
1806310,Kaohsiung City,2,4,1,4,TRUE
1806314,Kaohsiung City,2,3,1,5,TRUE
1806317,Kaohsiung City,3,3,3,4,TRUE
1806318,Kaohsiung City,4,2,1,6,TRUE
1806320,Kaohsiung City,2,2,2,4,TRUE
1806321,Kaohsiung City,7,2,1,3,TRUE
1806323,Kaohsiung City,2,2,1,5,TRUE
1806324,Kaohsiung City,2,2,1,6,TRUE
1806325,Kaohsiung County,3,3,1,5,TRUE
1806326,Kaohsiung City,2,2,3,6,TRUE
1806327,Kaohsiung City,2,2,1,5,TRUE
1806328,Kaohsiung City,2,3,1,5,TRUE
1806330,Kaohsiung City,2,2,3,5,TRUE
1806332,Kaohsiung City,2,3,1,5,TRUE
1806336,Kaohsiung City,3,4,2,5,TRUE
1806337,Kaohsiung City,7,3,1,4,TRUE
1806339,Kaohsiung City,3,4,3,5,TRUE
1806340,Kaohsiung City,3,4,1,5,TRUE
1806341,Kaohsiung City,8,2,1,6,TRUE
1806343,Kaohsiung City,7,3,1,6,TRUE
1806345,Kaohsiung City,5,4,1,4,TRUE
1806346,Kaohsiung City,3,4,1,5,TRUE
1806348,Kaohsiung City,7,1,1,6,TRUE
1806349,Kaohsiung City,1,1,1,5,TRUE
1806350,Kaohsiung City,9,2,1,6,TRUE
1806351,Kaohsiung City,5,3,1,5,TRUE
1806352,Kaohsiung City,7,2,3,3,TRUE
1806353,Kaohsiung City,3,3,1,4,TRUE
1811101,Kaohsiung City,1,1,1,4,TRUE
1811102,Kaohsiung City,3,3,1,4,TRUE
1811105,Kaohsiung City,8,3,1,4,TRUE
1811106,Kaohsiung City,7,3,3,4,TRUE
1811107,Kaohsiung City,9,3,1,5,TRUE
1811112,Kaohsiung City,3,2,3,4,TRUE
1811113,Kaohsiung City,1,1,1,5,TRUE
1811114,Kaohsiung City,7,2,1,4,TRUE
1811116,Kaohsiung City,8,3,1,6,TRUE
1811119,Kaohsiung City,5,3,1,4,TRUE
1811120,Kaohsiung City,1,1,1,5,TRUE
1811121,Kaohsiung City,2,2,1,6,TRUE
1811123,Kaohsiung City,3,4,1,5,TRUE
1811124,Kaohsiung City,3,3,3,5,TRUE
1811133,Kaohsiung City,2,3,1,4,TRUE
1811135,Kaohsiung City,3,4,3,5,TRUE
1811139,Kaohsiung City,7,2,1,4,TRUE
1811141,Kaohsiung City,5,3,1,4,TRUE
1811143,Kaohsiung City,2,4,1,5,TRUE
1811145,Kaohsiung City,5,3,1,4,TRUE
1811146,Kaohsiung City,8,3,1,4,TRUE
1811148,Kaohsiung City,3,4,1,6,TRUE
1811152,Kaohsiung City,2,3,1,5,TRUE
1811153,Kaohsiung City,5,3,1,6,TRUE
1811154,Kaohsiung City,1,1,1,6,TRUE
1811155,Kaohsiung City,2,4,2,5,TRUE
1811157,Kaohsiung City,2,3,3,4,TRUE
1811160,Kaohsiung City,5,3,4,4,TRUE
1811161,Kaohsiung City,8,1,1,6,TRUE
1811162,Kaohsiung City,7,2,1,4,TRUE
1811166,Kaohsiung City,4,3,1,4,TRUE
1811305,Kaohsiung City,5,2,1,6,TRUE
1811307,Kaohsiung City,2,3,3,5,TRUE
1811309,Kaohsiung City,4,4,1,6,TRUE
1811310,Kaohsiung City,5,3,3,3,TRUE
1811312,Kaohsiung City,7,2,1,4,TRUE
1811313,Kaohsiung City,7,3,2,3,TRUE
1811315,Kaohsiung City,2,3,1,4,TRUE
1811316,Kaohsiung City,3,3,1,5,TRUE
1811317,Kaohsiung City,3,3,1,6,TRUE
1811318,Kaohsiung City,7,4,3,4,TRUE
1811320,Kaohsiung City,3,4,1,4,TRUE
1811323,Kaohsiung City,2,2,1,5,TRUE
1811328,Kaohsiung City,2,4,1,4,TRUE
1811329,Kaohsiung City,3,3,1,3,TRUE
1811331,Kaohsiung City,3,4,1,5,TRUE
1811332,Kaohsiung City,2,1,2,6,TRUE
1811333,Kaohsiung City,5,4,1,6,TRUE
1811335,Kaohsiung City,2,2,2,4,TRUE
1811338,Kaohsiung City,3,3,3,5,TRUE
1811339,Kaohsiung City,8,3,1,4,TRUE
1811347,Kaohsiung City,2,2,1,5,TRUE
1811349,Kaohsiung City,8,4,1,5,TRUE
1811350,Kaohsiung City,3,4,1,6,TRUE
1811356,Kaohsiung City,7,4,3,3,TRUE
1811358,Kaohsiung City,7,3,1,5,TRUE
1811359,Kaohsiung City,3,3,3,5,TRUE
1811360,Kaohsiung City,7,3,1,4,TRUE
1811362,Kaohsiung City,3,3,1,5,TRUE
1811365,Kaohsiung City,4,3,1,5,TRUE
1811366,Kaohsiung City,5,4,1,5,TRUE
1811367,Kaohsiung City,2,2,1,4,TRUE
1814101,Kaohsiung County,5,3,3,6,TRUE
1814104,Kaohsiung County,5,3,1,6,TRUE
1814106,Kaohsiung County,3,3,2,4,TRUE
1814107,Kaohsiung County,3,3,1,6,TRUE
1814111,Kaohsiung County,2,3,1,6,TRUE
1814112,Kaohsiung County,1,1,1,5,TRUE
1814114,Kaohsiung County,2,4,1,6,TRUE
1814124,Kaohsiung County,5,2,1,4,TRUE
1814126,Kaohsiung County,3,4,1,6,TRUE
1814127,Kaohsiung County,1,1,1,6,TRUE
1814128,Kaohsiung County,7,2,1,6,TRUE
1814129,Kaohsiung County,8,1,1,6,TRUE
1814130,Kaohsiung County,3,4,1,4,TRUE
1814132,Kaohsiung County,3,4,1,5,TRUE
1814134,Kaohsiung County,4,3,1,6,TRUE
1814135,Kaohsiung County,1,1,1,5,TRUE
1814143,Kaohsiung County,9,4,2,5,TRUE
1814145,Kaohsiung County,4,3,1,4,TRUE
1814147,Kaohsiung County,3,4,1,6,TRUE
1814150,Kaohsiung County,5,1,1,4,TRUE
1814151,Kaohsiung County,7,2,1,4,TRUE
1814152,Kaohsiung County,7,3,1,6,TRUE
1814153,Kaohsiung County,5,2,1,4,TRUE
1814154,Kaohsiung County,2,3,1,6,TRUE
1814157,Kaohsiung County,2,4,1,6,TRUE
1814158,Kaohsiung County,1,1,3,6,TRUE
1814160,Kaohsiung County,5,3,2,6,TRUE
1814161,Kaohsiung County,9,3,1,4,TRUE
1814162,Kaohsiung County,7,1,1,6,TRUE
1814163,Kaohsiung County,2,2,1,6,TRUE
1814168,Kaohsiung County,3,4,1,6,TRUE
1814302,Kaohsiung County,2,2,1,5,TRUE
1814303,Kaohsiung County,3,3,1,6,TRUE
1814304,Kaohsiung County,3,4,1,5,TRUE
1814305,Kaohsiung County,5,2,2,4,TRUE
1814306,Kaohsiung County,2,2,1,5,FALSE
1814307,Kaohsiung County,4,3,1,5,TRUE
1814308,Kaohsiung County,8,2,1,5,TRUE
1814309,Kaohsiung County,4,3,1,6,TRUE
1814310,Kaohsiung County,1,1,1,5,TRUE
1814311,Kaohsiung County,2,2,1,5,TRUE
1814323,Kaohsiung County,9,4,2,5,TRUE
1814324,Kaohsiung County,5,1,1,6,TRUE
1814326,Kaohsiung City,8,2,3,6,TRUE
1814327,Kaohsiung County,3,4,1,5,TRUE
1814328,Kaohsiung County,2,3,1,6,TRUE
1814329,Kaohsiung County,3,3,1,6,TRUE
1814330,Kaohsiung County,3,4,1,4,TRUE
1814337,Kaohsiung City,7,1,1,6,TRUE
1814338,Kaohsiung County,7,2,1,6,TRUE
1814339,Kaohsiung County,1,1,1,5,TRUE
1814341,Kaohsiung County,5,3,1,6,TRUE
1814346,Kaohsiung County,8,3,2,4,TRUE
1814347,Kaohsiung County,10,3,1,4,TRUE
1814350,Kaohsiung County,4,3,1,6,TRUE
1814351,Kaohsiung County,5,3,1,6,TRUE
1814354,Kaohsiung County,1,1,2,5,TRUE
1814356,Kaohsiung County,1,1,1,5,TRUE
1814361,Kaohsiung County,4,3,1,5,TRUE
1814363,Kaohsiung County,7,1,1,6,TRUE
1814365,Kaohsiung County,3,4,1,5,TRUE
1814368,Kaohsiung County,5,3,1,6,TRUE
1830101,Kaohsiung County,4,3,1,6,TRUE
1830102,Kaohsiung County,4,3,2,6,TRUE
1830103,Kaohsiung County,3,4,1,6,TRUE
1830105,Kaohsiung County,4,3,1,6,TRUE
1830110,Kaohsiung County,7,1,1,4,TRUE
1830112,Kaohsiung County,3,4,1,5,TRUE
1830113,Kaohsiung County,8,3,3,5,TRUE
1830114,Kaohsiung County,8,4,3,5,TRUE
1830115,Kaohsiung County,3,4,1,5,TRUE
1830116,Kaohsiung County,1,1,1,5,TRUE
1830118,Kaohsiung County,7,2,1,6,TRUE
1830120,Kaohsiung County,2,2,-1,5,TRUE
1830121,Kaohsiung County,8,3,1,6,TRUE
1830125,Kaohsiung County,2,4,2,6,TRUE
1830127,Taichung County,3,4,1,6,TRUE
1830129,Kaohsiung County,9,2,1,5,TRUE
1830132,Kaohsiung County,2,2,-1,3,TRUE
1830135,Kaohsiung County,3,4,3,5,TRUE
1830136,Kaohsiung County,5,2,3,3,TRUE
1830138,Kaohsiung County,2,4,2,4,TRUE
1830140,Kaohsiung County,2,4,4,5,TRUE
1830143,Kaohsiung County,2,2,1,5,TRUE
1830144,Kaohsiung County,9,1,1,5,TRUE
1830145,Kaohsiung County,2,2,3,5,TRUE
1830149,Kaohsiung County,2,2,1,5,TRUE
1830154,Kaohsiung County,2,3,1,5,TRUE
1830155,Kaohsiung County,7,3,3,5,TRUE
1830156,Kaohsiung County,8,3,3,4,TRUE
1830159,Kaohsiung County,3,3,1,5,TRUE
1830160,Kaohsiung County,2,3,1,6,TRUE
1830301,Kaohsiung County,10,4,3,5,TRUE
1830304,Kaohsiung County,2,2,1,5,TRUE
1830306,Kaohsiung County,7,2,4,4,TRUE
1830309,Kaohsiung County,5,2,5,4,TRUE
1830310,Kaohsiung County,3,4,3,4,TRUE
1830312,Kaohsiung County,8,4,3,5,TRUE
1830313,Kaohsiung County,7,1,1,6,TRUE
1830314,Kaohsiung County,7,1,1,4,TRUE
1830315,Kaohsiung County,7,1,1,6,TRUE
1830316,Kaohsiung County,7,2,1,5,TRUE
1830317,Kaohsiung County,4,2,1,5,TRUE
1830319,Kaohsiung County,5,-1,1,6,TRUE
1830321,Kaohsiung County,7,2,1,3,TRUE
1830322,Kaohsiung County,9,3,3,5,TRUE
1830323,Kaohsiung County,7,2,1,5,TRUE
1830325,Kaohsiung County,8,2,3,3,TRUE
1830326,Kaohsiung County,7,1,1,4,TRUE
1830327,Kaohsiung County,7,2,-1,4,TRUE
1830329,Kaohsiung County,4,3,3,5,TRUE
1830331,Kaohsiung County,8,2,3,4,TRUE
1830334,Kaohsiung County,8,3,3,4,TRUE
1830336,Kaohsiung County,7,1,1,3,TRUE
1830337,Kaohsiung County,9,2,2,5,TRUE
1830338,Kaohsiung County,4,2,1,5,TRUE
1830339,Kaohsiung County,3,4,3,4,TRUE
1830347,Kaohsiung County,3,3,3,5,TRUE
1830353,Kaohsiung County,8,3,3,5,TRUE
1830357,Kaohsiung County,2,2,1,3,TRUE
1830358,Kaohsiung County,1,1,1,5,TRUE
1830360,Kaohsiung County,8,4,3,5,TRUE
1931101,Pingtung County,9,4,2,6,FALSE
1931102,Pingtung County,2,4,1,4,FALSE
1931103,Pingtung County,4,2,2,6,FALSE
1931104,Pingtung County,5,3,2,6,FALSE
1931105,Pingtung County,6,1,2,4,FALSE
1931106,Pingtung County,7,1,1,6,FALSE
1931107,Pingtung County,3,2,2,6,FALSE
1931108,Pingtung County,4,3,1,6,FALSE
1931109,Pingtung County,8,2,2,6,FALSE
1931110,Pingtung County,8,2,2,6,FALSE
1931111,Pingtung County,2,3,2,6,FALSE
1931113,Pingtung County,7,2,2,4,FALSE
1931114,Pingtung County,9,3,2,5,FALSE
1931115,Pingtung County,2,3,1,6,TRUE
1931117,Kaohsiung County,3,3,2,6,TRUE
1931118,Pingtung County,3,3,2,6,FALSE
1931122,Pingtung County,3,3,2,6,FALSE
1931123,Pingtung County,9,1,2,6,FALSE
1931125,Pingtung County,4,2,2,4,FALSE
1931126,Pingtung County,6,2,2,6,FALSE
1931127,Pingtung County,3,3,2,6,FALSE
1931128,Pingtung County,2,2,2,4,FALSE
1931130,Kaohsiung County,5,3,2,6,TRUE
1931131,Pingtung County,7,1,2,4,FALSE
1931133,Kaohsiung City,6,2,2,4,TRUE
1931134,Pingtung County,3,3,1,6,FALSE
1931135,Pingtung County,6,2,2,4,FALSE
1931136,Pingtung County,7,2,2,6,FALSE
1931137,Pingtung County,3,4,2,6,FALSE
1931138,Pingtung County,1,1,2,6,FALSE
1931139,Pingtung County,3,4,2,6,FALSE
1931140,Pingtung County,2,2,1,6,FALSE
1931302,Pingtung County,2,3,2,6,FALSE
1931304,Pingtung County,7,2,2,4,FALSE
1931305,Pingtung County,9,2,2,4,FALSE
1931307,Pingtung County,6,3,2,4,FALSE
1931310,Pingtung County,6,1,2,4,FALSE
1931311,Tainan County,2,4,2,6,TRUE
1931314,Pingtung County,6,2,2,4,FALSE
1931315,Pingtung County,6,2,2,4,FALSE
1931316,Pingtung County,2,2,2,6,FALSE
1931319,Taipei City,3,4,2,6,TRUE
1931320,Pingtung County,8,2,2,6,FALSE
1931321,Pingtung County,6,3,2,4,FALSE
1931322,Pingtung County,8,2,2,6,FALSE
1931323,Pingtung County,2,3,2,6,FALSE
1931324,Pingtung County,6,1,2,6,FALSE
1931325,Pingtung County,3,4,1,6,FALSE
1931330,Pingtung County,8,2,2,6,FALSE
1931331,Pingtung County,2,2,2,6,FALSE
1931333,Pingtung County,6,3,2,6,FALSE
1931334,Pingtung County,2,2,2,4,FALSE
1931335,Pingtung County,2,2,2,6,FALSE
1931336,Pingtung County,2,3,2,6,FALSE
1931337,Pingtung County,6,2,2,6,FALSE
1931338,Pingtung County,9,2,2,6,FALSE
1931340,Pingtung County,9,3,2,4,FALSE
1950101,Taitung County,7,3,1,4,TRUE
1950102,Taitung County,2,3,2,6,TRUE
1950105,Taitung County,3,4,3,4,TRUE
1950106,Taitung County,3,4,2,5,TRUE
1950109,Taitung County,3,3,1,4,TRUE
1950111,Taitung County,3,4,1,6,TRUE
1950116,Taitung County,3,4,1,5,TRUE
1950121,Taitung County,4,3,1,5,TRUE
1950123,Taitung County,2,2,1,6,TRUE
1950130,Taitung County,2,2,1,5,TRUE
1950131,Taitung County,7,1,1,4,TRUE
1950133,Taitung County,4,4,1,5,TRUE
1950135,Taitung County,6,2,1,5,TRUE
1950136,Taitung County,4,2,1,6,TRUE
1950138,Taitung County,4,2,1,4,TRUE
1950143,Taitung County,5,1,1,4,TRUE
1950144,Taitung County,6,2,1,4,TRUE
1950150,Taitung County,1,1,1,5,TRUE
1950153,Taitung County,3,3,1,4,TRUE
1950157,Taitung County,1,1,1,4,TRUE
1950158,Taitung County,5,2,2,5,TRUE
1950162,Taitung County,2,3,1,5,TRUE
1950167,Taitung County,8,4,1,4,TRUE
1950169,Taitung County,6,2,1,6,TRUE
1950170,Taitung County,7,2,3,5,TRUE
1950304,Taitung County,2,2,1,5,TRUE
1950306,Taitung County,3,4,2,5,TRUE
1950309,Taitung County,4,3,1,5,TRUE
1950310,Taitung County,10,4,1,3,TRUE
1950311,Taitung County,3,3,1,4,TRUE
1950313,Taitung County,3,2,1,4,TRUE
1950315,Taitung County,4,3,1,5,TRUE
1950318,Taitung County,3,3,3,5,TRUE
1950327,Taipei County,3,3,2,3,TRUE
1950331,Taitung County,1,1,1,6,TRUE
1950333,Keelung City,9,4,1,5,TRUE
1950341,Taitung County,2,2,1,5,TRUE
1950344,Taitung County,3,4,3,4,TRUE
1950346,Taitung County,2,3,1,5,TRUE
1950347,Taitung County,3,4,1,5,TRUE
1950348,Taitung County,1,1,1,5,TRUE
1950349,Taitung County,4,2,2,4,TRUE
1950351,Taitung County,8,1,3,5,TRUE
1950352,Taitung County,3,3,1,5,TRUE
1950355,Taitung County,7,2,2,4,TRUE
1950358,Taitung County,7,3,1,4,TRUE
1950362,Taitung County,5,4,1,5,TRUE
1950363,Taitung County,3,4,1,5,TRUE
1950364,Taitung County,2,2,1,4,TRUE
1950365,Taitung County,8,3,1,4,TRUE
1950366,Taitung County,6,2,1,4,TRUE
2231102,Taipei County,2,2,1,6,TRUE
2231103,Taipei County,3,3,3,4,TRUE
2231105,Taipei County,3,3,1,5,TRUE
2231107,Taipei County,3,4,1,5,TRUE
2231108,Taipei County,3,4,1,5,TRUE
2231109,Taipei County,2,2,3,6,TRUE
2231113,Taipei County,5,3,1,5,TRUE
2231114,Taipei County,8,3,3,4,TRUE
2231115,Taipei County,7,1,1,6,TRUE
2231116,Taipei County,3,4,3,6,TRUE
2231119,Taipei County,7,2,1,4,TRUE
2231120,Taipei County,4,3,1,6,TRUE
2231122,Taipei County,9,3,3,6,TRUE
2231126,Taipei County,4,3,2,5,TRUE
2231128,Taipei County,8,1,1,6,TRUE
2231129,Taipei County,3,3,1,4,TRUE
2231131,Taipei County,8,4,3,3,TRUE
2231132,Taipei County,3,3,2,6,TRUE
2231134,Taipei County,4,3,3,6,TRUE
2231135,Taipei County,2,2,5,5,TRUE
2231136,Taipei County,2,3,1,5,TRUE
2231139,Taipei County,2,2,1,6,TRUE
2231143,Taipei County,3,2,1,3,TRUE
2231145,Taipei County,3,4,1,6,TRUE
2231146,Taipei County,4,3,1,5,TRUE
2231147,Taipei County,2,3,1,5,TRUE
2231148,Taipei County,1,1,1,6,TRUE
2231151,Taipei County,4,3,1,6,TRUE
2231153,Taipei County,2,4,2,5,TRUE
2231158,Taipei County,5,3,1,6,TRUE
2231159,Taipei County,3,3,1,5,TRUE
2231160,Taipei County,4,3,3,4,TRUE
2300101,Hsinchu City,8,4,1,6,TRUE
2300104,Hsinchu City,2,2,1,6,TRUE
2300105,Hsinchu City,3,4,1,6,TRUE
2300106,Hsinchu City,9,2,1,6,TRUE
2300107,Hsinchu City,2,2,1,5,TRUE
2300109,Hsinchu City,4,3,1,6,TRUE
2300111,Hsinchu City,4,2,1,4,TRUE
2300112,Hsinchu City,3,3,1,4,TRUE
2300113,Hsinchu City,4,3,1,4,TRUE
2300114,Hsinchu City,1,1,1,5,TRUE
2300116,Hsinchu City,10,4,1,3,TRUE
2300117,Hsinchu City,3,4,2,6,TRUE
2300119,Hsinchu City,3,4,1,6,TRUE
2300121,Hsinchu City,9,2,1,4,TRUE
2300122,Hsinchu City,5,2,1,6,TRUE
2300127,Hsinchu City,9,1,1,4,TRUE
2300128,Hsinchu City,3,4,1,6,TRUE
2300129,Hsinchu City,4,3,1,6,TRUE
2300133,Hsinchu City,2,3,2,5,TRUE
2300134,Hsinchu City,4,3,1,4,TRUE
2300136,Hsinchu City,2,4,1,5,TRUE
2300140,Hsinchu City,3,3,1,6,TRUE
2300141,Hsinchu County,8,3,1,4,TRUE
2300142,Hsinchu City,4,2,1,6,TRUE
2300144,Hsinchu City,2,3,2,5,TRUE
2300147,Hsinchu City,2,2,1,6,TRUE
2300148,Hsinchu City,9,4,1,4,TRUE
2300149,Hsinchu City,4,2,1,6,TRUE
2300150,Hsinchu City,3,4,1,4,TRUE
2300151,Hsinchu City,8,2,1,6,TRUE
2300153,Hsinchu City,4,3,2,4,TRUE
2300155,Hsinchu City,8,3,1,6,TRUE
2630101,Yunlin County,2,2,1,6,TRUE
2630103,Yunlin County,3,4,1,3,TRUE
2630104,Yunlin County,3,4,1,6,TRUE
2630107,Yunlin County,3,3,1,6,TRUE
2630108,Yunlin County,2,4,1,5,TRUE
2630109,Yunlin County,1,1,1,6,TRUE
2630110,Yunlin County,2,2,1,5,TRUE
2630113,Yunlin County,9,2,1,6,TRUE
2630114,Kaohsiung County,2,4,1,6,FALSE
2630115,Yunlin County,3,3,1,5,TRUE
2630116,Yunlin County,2,2,1,4,TRUE
2630117,Yunlin County,2,2,1,5,TRUE
2630118,Yunlin County,7,3,1,6,TRUE
2630119,Yunlin County,2,4,1,5,TRUE
2630121,Taichung City,3,4,1,5,TRUE
2630122,Yunlin County,1,1,1,6,TRUE
2711102,Tainan County,3,2,1,5,TRUE
2711104,Tainan County,2,2,1,5,TRUE
2711105,Tainan County,2,4,1,5,TRUE
2711108,Tainan County,7,2,1,5,TRUE
2711110,Tainan County,1,1,1,6,TRUE
2711113,Tainan County,2,2,1,5,TRUE
2711114,Tainan County,5,2,1,6,TRUE
2711115,Tainan County,9,1,1,6,TRUE
2711122,Tainan County,1,1,1,5,TRUE
2711124,Tainan County,2,2,1,6,TRUE
2711129,Tainan County,2,4,1,6,TRUE
2711130,Tainan County,5,2,1,4,TRUE
2711131,Tainan County,6,2,1,4,TRUE
2711133,Pingtung County,3,4,1,3,TRUE
2711134,Tainan County,3,3,1,6,TRUE
2711136,Tainan County,9,4,1,5,TRUE
2711137,Tainan County,1,1,1,5,TRUE
2711138,Tainan County,3,3,1,5,TRUE
2811104,Kaohsiung City,5,3,1,6,TRUE
2811109,Kaohsiung City,8,-1,1,3,TRUE
2811112,Kaohsiung City,2,3,1,6,TRUE
2811115,Kaohsiung City,4,2,1,6,TRUE
2811116,Kaohsiung County,1,1,3,6,TRUE
2811117,Kaohsiung City,4,3,1,6,TRUE
2811118,Kaohsiung City,1,1,1,4,TRUE
2811119,Kaohsiung City,5,3,1,4,TRUE
2811121,Kaohsiung City,2,2,1,6,TRUE
2811124,Kaohsiung City,8,1,1,6,TRUE
2811125,Kaohsiung City,5,3,1,6,TRUE
2811126,Kaohsiung City,5,2,1,6,TRUE
2811128,Kaohsiung City,8,2,1,6,TRUE
2811129,Kaohsiung City,8,1,1,4,TRUE
2811133,Kaohsiung City,5,3,1,6,TRUE
2811136,Kaohsiung City,5,2,1,6,TRUE
2811137,Kaohsiung City,2,2,1,6,TRUE
2811140,Kaohsiung City,8,3,3,4,TRUE
