"part_id","cont_id","cnt_age_exact","cnt_age_est_min","cnt_age_est_max","cnt_gender","cnt_home","cnt_work","cnt_school","cnt_transport","cnt_leisure","cnt_otherplace","frequency_multi","phys_contact","duration_multi"
1,1,4,NA,NA,"M",TRUE,FALSE,FALSE,FALSE,FALSE,FALSE,1,1,2
1,2,6,NA,NA,"F",TRUE,FALSE,FALSE,FALSE,FALSE,FALSE,1,1,3
1,3,36,NA,NA,"F",TRUE,FALSE,FALSE,FALSE,FALSE,FALSE,2,1,2
1,4,32,NA,NA,"F",TRUE,FALSE,FALSE,FALSE,FALSE,FALSE,1,1,5
1,5,30,NA,NA,"M",TRUE,FALSE,FALSE,FALSE,FALSE,FALSE,1,1,4
1,6,65,NA,NA,"M",TRUE,FALSE,FALSE,FALSE,FALSE,FALSE,2,1,3
1,7,62,NA,NA,"F",TRUE,FALSE,FALSE,FALSE,FALSE,FALSE,1,1,3
2,8,1,NA,NA,"F",FALSE,FALSE,FALSE,FALSE,FALSE,TRUE,2,1,3
2,9,1,NA,NA,"F",FALSE,FALSE,FALSE,FALSE,FALSE,TRUE,2,1,3
2,10,1,NA,NA,"F",TRUE,FALSE,FALSE,FALSE,FALSE,FALSE,3,1,4
2,11,4,NA,NA,"F",TRUE,FALSE,FALSE,TRUE,TRUE,TRUE,1,1,5
2,12,4,NA,NA,"F",FALSE,FALSE,FALSE,FALSE,FALSE,TRUE,2,2,3
2,13,4,NA,NA,"F",FALSE,FALSE,FALSE,FALSE,FALSE,TRUE,2,1,3
2,14,4,NA,NA,"F",FALSE,FALSE,FALSE,FALSE,FALSE,TRUE,2,2,3
2,15,4,NA,NA,"F",TRUE,FALSE,FALSE,FALSE,FALSE,FALSE,3,2,4
2,16,36,NA,NA,"F",TRUE,FALSE,FALSE,TRUE,TRUE,TRUE,1,1,5
2,17,37,NA,NA,"M",TRUE,FALSE,FALSE,FALSE,FALSE,FALSE,1,1,4
2,18,34,NA,NA,"F",FALSE,FALSE,FALSE,FALSE,FALSE,TRUE,2,1,3
2,19,35,NA,NA,"F",FALSE,FALSE,FALSE,FALSE,FALSE,TRUE,2,2,3
2,20,35,NA,NA,"F",FALSE,FALSE,FALSE,FALSE,FALSE,TRUE,2,2,3
2,21,32,NA,NA,"F",TRUE,FALSE,FALSE,FALSE,FALSE,FALSE,3,1,4
2,22,40,NA,NA,NA,FALSE,FALSE,FALSE,FALSE,FALSE,TRUE,2,1,3
3,23,9,NA,NA,"M",TRUE,FALSE,FALSE,FALSE,TRUE,FALSE,2,1,3
3,24,9,NA,NA,"F",TRUE,FALSE,FALSE,FALSE,FALSE,FALSE,4,1,4
3,25,6,NA,NA,"F",TRUE,FALSE,FALSE,FALSE,FALSE,FALSE,4,1,4
3,26,25,NA,NA,"F",TRUE,FALSE,FALSE,TRUE,TRUE,TRUE,1,1,5
3,27,28,NA,NA,"M",TRUE,FALSE,FALSE,FALSE,TRUE,FALSE,1,1,NA
3,28,32,NA,NA,"F",TRUE,FALSE,FALSE,FALSE,FALSE,FALSE,3,2,1
3,29,30,NA,NA,"F",TRUE,FALSE,FALSE,FALSE,FALSE,FALSE,4,1,4
3,30,32,NA,NA,"M",TRUE,FALSE,FALSE,FALSE,FALSE,FALSE,4,2,4
3,31,35,NA,NA,"M",FALSE,FALSE,FALSE,FALSE,FALSE,TRUE,5,1,1
4,32,3,NA,NA,"M",TRUE,FALSE,FALSE,FALSE,FALSE,FALSE,1,1,2
4,33,5,NA,NA,"F",TRUE,TRUE,FALSE,FALSE,FALSE,FALSE,2,1,2
4,34,9,NA,NA,"M",TRUE,FALSE,FALSE,FALSE,FALSE,FALSE,1,1,2
4,35,8,NA,NA,"M",TRUE,FALSE,FALSE,FALSE,FALSE,FALSE,1,1,2
4,36,29,NA,NA,"F",TRUE,FALSE,FALSE,FALSE,FALSE,FALSE,1,1,5
4,37,33,NA,NA,"M",TRUE,FALSE,FALSE,FALSE,FALSE,FALSE,1,1,5
4,38,56,NA,NA,"F",TRUE,FALSE,FALSE,FALSE,FALSE,FALSE,1,1,4
4,39,69,NA,NA,"M",TRUE,FALSE,FALSE,FALSE,FALSE,FALSE,2,1,3
5,40,2,NA,NA,"M",TRUE,FALSE,FALSE,TRUE,FALSE,FALSE,1,1,5
5,41,35,NA,NA,"F",TRUE,FALSE,FALSE,TRUE,FALSE,FALSE,1,1,5
5,42,37,NA,NA,"M",TRUE,FALSE,FALSE,FALSE,FALSE,FALSE,1,1,4
5,43,30,NA,NA,"M",TRUE,FALSE,FALSE,FALSE,FALSE,FALSE,3,2,3
6,44,2,NA,NA,"F",TRUE,FALSE,FALSE,FALSE,FALSE,FALSE,1,1,5
6,45,32,NA,NA,"F",TRUE,FALSE,FALSE,FALSE,FALSE,FALSE,1,1,5
6,46,31,NA,NA,"M",TRUE,FALSE,FALSE,FALSE,FALSE,FALSE,1,1,5
6,47,32,NA,NA,"F",TRUE,FALSE,FALSE,FALSE,FALSE,FALSE,5,1,4
6,48,32,NA,NA,"M",TRUE,FALSE,FALSE,FALSE,FALSE,FALSE,5,1,4
6,49,35,NA,NA,"M",TRUE,FALSE,FALSE,FALSE,FALSE,FALSE,4,1,4
7,50,30,NA,NA,"F",TRUE,FALSE,FALSE,TRUE,TRUE,FALSE,1,1,5
7,51,33,NA,NA,"M",TRUE,FALSE,FALSE,FALSE,TRUE,FALSE,1,1,5
7,52,NA,NA,NA,"F",FALSE,FALSE,FALSE,FALSE,TRUE,FALSE,2,1,3
7,53,NA,NA,NA,"F",FALSE,FALSE,FALSE,FALSE,TRUE,FALSE,2,2,3
7,54,NA,NA,NA,"M",FALSE,FALSE,FALSE,FALSE,TRUE,FALSE,3,2,3
7,55,NA,NA,NA,"F",FALSE,FALSE,FALSE,FALSE,TRUE,FALSE,3,2,3
7,56,NA,NA,NA,"F",FALSE,FALSE,FALSE,FALSE,TRUE,FALSE,2,2,3
8,57,16,NA,NA,"F",TRUE,FALSE,FALSE,FALSE,FALSE,FALSE,1,1,5
8,58,11,NA,NA,"F",TRUE,FALSE,FALSE,FALSE,FALSE,FALSE,1,1,5
8,59,36,NA,NA,"M",TRUE,FALSE,FALSE,FALSE,FALSE,FALSE,1,1,5
8,60,39,NA,NA,"F",TRUE,FALSE,FALSE,FALSE,FALSE,FALSE,1,1,5
9,61,4,NA,NA,"M",FALSE,FALSE,FALSE,FALSE,FALSE,TRUE,2,1,4
9,62,5,NA,NA,"F",FALSE,FALSE,FALSE,FALSE,FALSE,TRUE,3,1,4
9,63,18,NA,NA,"M",FALSE,FALSE,FALSE,FALSE,FALSE,TRUE,2,1,4
9,64,25,NA,NA,"F",TRUE,FALSE,FALSE,FALSE,FALSE,FALSE,1,1,5
9,65,25,NA,NA,"M",TRUE,FALSE,FALSE,FALSE,FALSE,FALSE,1,1,4
9,66,28,NA,NA,"F",FALSE,FALSE,FALSE,FALSE,FALSE,TRUE,2,1,4
9,67,21,NA,NA,"M",FALSE,FALSE,FALSE,FALSE,FALSE,TRUE,2,1,4
9,68,30,NA,NA,"F",FALSE,FALSE,FALSE,FALSE,FALSE,TRUE,3,1,4
9,69,50,NA,NA,"F",FALSE,FALSE,FALSE,FALSE,FALSE,TRUE,4,1,2
9,70,60,NA,NA,"F",FALSE,FALSE,FALSE,FALSE,FALSE,TRUE,5,1,1
9,71,55,NA,NA,"F",FALSE,FALSE,FALSE,FALSE,FALSE,TRUE,4,1,1
9,72,42,NA,NA,"F",FALSE,FALSE,FALSE,FALSE,FALSE,TRUE,2,1,4
9,73,47,NA,NA,"M",FALSE,FALSE,FALSE,FALSE,FALSE,TRUE,2,1,4
10,74,28,NA,NA,"M",TRUE,FALSE,FALSE,FALSE,FALSE,FALSE,1,1,5
10,75,40,NA,NA,"F",FALSE,TRUE,FALSE,FALSE,FALSE,FALSE,4,1,2
10,76,45,NA,NA,"F",FALSE,TRUE,FALSE,FALSE,FALSE,FALSE,4,2,2
10,77,41,NA,NA,"F",FALSE,TRUE,FALSE,FALSE,FALSE,FALSE,4,1,2
10,78,62,NA,NA,"F",TRUE,FALSE,FALSE,FALSE,FALSE,FALSE,1,1,4
10,79,50,NA,NA,"F",FALSE,TRUE,FALSE,FALSE,FALSE,FALSE,3,1,2
10,80,92,NA,NA,"F",FALSE,TRUE,FALSE,FALSE,FALSE,FALSE,4,1,1
10,81,89,NA,NA,"M",FALSE,TRUE,FALSE,FALSE,FALSE,FALSE,4,2,2
10,82,NA,NA,NA,"F",FALSE,TRUE,FALSE,FALSE,FALSE,FALSE,5,2,2
11,83,32,NA,NA,"F",TRUE,FALSE,FALSE,FALSE,FALSE,FALSE,1,1,5
11,84,31,NA,NA,"M",TRUE,FALSE,FALSE,FALSE,FALSE,FALSE,1,1,4
11,85,65,NA,NA,"F",TRUE,FALSE,FALSE,FALSE,FALSE,FALSE,1,1,5
12,86,23,NA,NA,"F",TRUE,FALSE,FALSE,TRUE,TRUE,FALSE,1,1,5
12,87,22,NA,NA,"M",TRUE,FALSE,FALSE,TRUE,FALSE,FALSE,1,1,5
12,88,39,NA,NA,"F",TRUE,FALSE,FALSE,FALSE,FALSE,FALSE,1,2,4
12,89,35,NA,NA,"F",FALSE,FALSE,FALSE,FALSE,TRUE,FALSE,3,1,4
12,90,69,NA,NA,"F",TRUE,FALSE,FALSE,FALSE,FALSE,FALSE,1,NA,5
12,91,45,NA,NA,"F",TRUE,FALSE,FALSE,FALSE,TRUE,FALSE,1,1,5
12,92,64,NA,NA,"M",FALSE,FALSE,FALSE,FALSE,TRUE,FALSE,3,1,4
12,93,56,NA,NA,"F",FALSE,FALSE,FALSE,FALSE,TRUE,FALSE,3,1,4
12,94,40,NA,NA,"F",TRUE,FALSE,FALSE,FALSE,FALSE,FALSE,2,1,2
12,95,52,NA,NA,"F",TRUE,FALSE,FALSE,FALSE,FALSE,FALSE,5,1,2
13,96,30,NA,NA,"F",TRUE,FALSE,FALSE,FALSE,FALSE,FALSE,1,1,5
13,97,37,NA,NA,"M",TRUE,FALSE,FALSE,FALSE,FALSE,FALSE,1,1,5
13,98,60,NA,NA,"F",FALSE,FALSE,FALSE,FALSE,FALSE,TRUE,1,1,5
13,99,60,NA,NA,"M",FALSE,FALSE,FALSE,FALSE,FALSE,TRUE,1,1,4
13,100,89,NA,NA,"F",FALSE,FALSE,FALSE,FALSE,TRUE,FALSE,2,1,4
13,101,72,NA,NA,"F",FALSE,FALSE,FALSE,FALSE,TRUE,FALSE,4,1,4
14,102,1,NA,NA,"M",TRUE,FALSE,FALSE,FALSE,FALSE,FALSE,3,1,4
14,103,5,NA,NA,"M",TRUE,FALSE,FALSE,FALSE,FALSE,FALSE,1,1,5
14,104,6,NA,NA,"M",TRUE,FALSE,FALSE,FALSE,FALSE,FALSE,3,2,2
14,105,36,NA,NA,"M",TRUE,FALSE,FALSE,FALSE,FALSE,FALSE,1,1,5
14,106,35,NA,NA,"F",TRUE,FALSE,FALSE,FALSE,FALSE,FALSE,1,1,5
14,107,37,NA,NA,"F",TRUE,FALSE,FALSE,FALSE,FALSE,FALSE,2,2,4
15,108,2,NA,NA,"M",TRUE,FALSE,FALSE,FALSE,FALSE,FALSE,1,1,5
15,109,4,NA,NA,"M",TRUE,FALSE,FALSE,FALSE,FALSE,FALSE,1,2,5
15,110,34,NA,NA,"F",TRUE,FALSE,FALSE,FALSE,FALSE,FALSE,1,1,5
15,111,34,NA,NA,"M",TRUE,FALSE,FALSE,FALSE,FALSE,FALSE,1,1,4
15,112,NA,20,100,"F",FALSE,FALSE,TRUE,FALSE,FALSE,FALSE,2,2,1
15,113,NA,20,100,"F",FALSE,FALSE,TRUE,FALSE,FALSE,FALSE,2,2,1
16,114,2,NA,NA,"F",FALSE,FALSE,FALSE,FALSE,TRUE,FALSE,5,2,1
16,115,2,NA,NA,"M",FALSE,FALSE,FALSE,FALSE,TRUE,FALSE,5,2,1
16,116,1,NA,NA,"M",FALSE,FALSE,FALSE,FALSE,TRUE,FALSE,3,1,4
16,117,4,NA,NA,"F",TRUE,FALSE,FALSE,TRUE,TRUE,FALSE,1,1,5
16,118,3,NA,NA,"M",FALSE,FALSE,FALSE,FALSE,TRUE,FALSE,5,1,1
16,119,5,NA,NA,"F",FALSE,FALSE,FALSE,FALSE,TRUE,FALSE,3,1,4
16,120,39,NA,NA,"F",TRUE,FALSE,FALSE,TRUE,TRUE,FALSE,1,1,5
16,121,39,NA,NA,"M",TRUE,FALSE,FALSE,FALSE,FALSE,FALSE,1,NA,2
16,122,35,NA,NA,"M",FALSE,FALSE,FALSE,FALSE,TRUE,FALSE,5,2,1
16,123,40,NA,NA,"F",FALSE,FALSE,FALSE,FALSE,TRUE,FALSE,3,1,4
17,124,3,NA,NA,"M",TRUE,FALSE,FALSE,TRUE,TRUE,FALSE,1,1,5
17,125,5,NA,NA,"M",TRUE,FALSE,FALSE,TRUE,TRUE,FALSE,1,1,5
17,126,41,NA,NA,"F",TRUE,FALSE,FALSE,TRUE,TRUE,FALSE,1,1,5
17,127,44,NA,NA,"M",TRUE,FALSE,FALSE,TRUE,TRUE,FALSE,1,1,5
17,128,NA,NA,NA,"F",FALSE,FALSE,FALSE,TRUE,FALSE,FALSE,5,1,3
17,129,NA,NA,NA,"F",FALSE,FALSE,FALSE,FALSE,TRUE,FALSE,5,1,1
18,130,1,NA,NA,"M",FALSE,FALSE,FALSE,FALSE,FALSE,TRUE,2,1,3
18,131,2,NA,NA,"F",FALSE,FALSE,TRUE,FALSE,FALSE,TRUE,1,1,4
18,132,3,NA,NA,"F",TRUE,FALSE,FALSE,TRUE,TRUE,TRUE,1,1,5
18,133,3,NA,NA,"M",FALSE,FALSE,FALSE,FALSE,TRUE,TRUE,2,1,4
18,134,3,NA,NA,"M",FALSE,FALSE,TRUE,FALSE,FALSE,TRUE,1,2,4
18,135,33,NA,NA,"F",TRUE,FALSE,FALSE,TRUE,TRUE,TRUE,1,1,5
18,136,37,NA,NA,"F",FALSE,FALSE,FALSE,FALSE,TRUE,TRUE,2,2,4
18,137,35,NA,NA,"F",FALSE,FALSE,FALSE,FALSE,FALSE,TRUE,NA,2,3
18,138,33,NA,NA,"F",TRUE,FALSE,FALSE,FALSE,FALSE,TRUE,4,1,5
18,139,33,NA,NA,"M",TRUE,FALSE,FALSE,FALSE,FALSE,FALSE,4,2,NA
18,140,41,NA,NA,"M",TRUE,FALSE,FALSE,FALSE,FALSE,FALSE,1,1,4
18,141,45,NA,NA,"F",FALSE,FALSE,FALSE,FALSE,TRUE,FALSE,1,1,3
18,142,50,NA,NA,"M",FALSE,FALSE,FALSE,FALSE,FALSE,TRUE,5,2,4
18,143,70,NA,NA,"F",TRUE,FALSE,FALSE,TRUE,FALSE,FALSE,3,1,4
18,144,63,NA,NA,"M",TRUE,FALSE,FALSE,FALSE,TRUE,FALSE,1,2,4
19,145,2,NA,NA,"M",TRUE,FALSE,FALSE,FALSE,FALSE,TRUE,2,1,4
19,146,3,NA,NA,"F",TRUE,FALSE,FALSE,FALSE,FALSE,FALSE,1,1,5
19,147,3,NA,NA,"F",TRUE,FALSE,FALSE,FALSE,FALSE,TRUE,2,1,4
19,148,32,NA,NA,"M",TRUE,FALSE,FALSE,FALSE,FALSE,FALSE,1,1,5
19,149,21,NA,NA,"F",TRUE,FALSE,FALSE,FALSE,FALSE,FALSE,1,1,5
19,150,25,NA,NA,"F",TRUE,FALSE,FALSE,FALSE,FALSE,TRUE,2,1,4
19,151,26,NA,NA,"M",TRUE,FALSE,FALSE,FALSE,FALSE,TRUE,2,1,4
19,152,29,NA,NA,"M",TRUE,FALSE,FALSE,FALSE,FALSE,FALSE,2,1,5
19,153,29,NA,NA,"M",TRUE,FALSE,FALSE,FALSE,FALSE,FALSE,3,1,3
19,154,40,NA,NA,"F",FALSE,FALSE,TRUE,FALSE,FALSE,FALSE,3,1,1
19,155,NA,30,100,"F",FALSE,FALSE,TRUE,FALSE,FALSE,FALSE,3,1,1
19,156,NA,40,100,"F",FALSE,FALSE,TRUE,FALSE,FALSE,FALSE,2,2,2
19,157,44,NA,NA,"M",TRUE,FALSE,FALSE,FALSE,FALSE,FALSE,1,1,4
19,158,44,NA,NA,"F",TRUE,FALSE,FALSE,FALSE,FALSE,FALSE,2,1,3
19,159,NA,NA,NA,"F",TRUE,FALSE,FALSE,FALSE,FALSE,TRUE,2,2,NA
20,160,2,NA,NA,"M",TRUE,FALSE,FALSE,FALSE,TRUE,FALSE,1,1,5
20,161,14,NA,NA,"M",FALSE,FALSE,FALSE,FALSE,TRUE,FALSE,2,1,4
20,162,33,NA,NA,"F",TRUE,FALSE,FALSE,FALSE,TRUE,FALSE,1,1,5
20,163,34,NA,NA,"M",TRUE,FALSE,FALSE,FALSE,TRUE,FALSE,1,1,5
20,164,30,NA,NA,"M",TRUE,FALSE,FALSE,FALSE,TRUE,FALSE,4,1,5
20,165,27,NA,NA,"F",TRUE,FALSE,FALSE,FALSE,TRUE,FALSE,4,1,5
20,166,52,NA,NA,"F",FALSE,FALSE,FALSE,FALSE,TRUE,FALSE,1,1,4
20,167,42,NA,NA,"M",FALSE,FALSE,FALSE,FALSE,TRUE,FALSE,2,1,4
20,168,NA,NA,NA,"F",FALSE,FALSE,FALSE,FALSE,TRUE,FALSE,5,2,1
21,169,2,NA,NA,"M",TRUE,FALSE,TRUE,FALSE,FALSE,FALSE,1,1,4
21,170,39,NA,NA,"F",TRUE,FALSE,FALSE,FALSE,FALSE,FALSE,1,1,5
21,171,37,NA,NA,"M",TRUE,FALSE,FALSE,FALSE,FALSE,FALSE,1,1,4
21,172,NA,NA,NA,"M",FALSE,FALSE,TRUE,FALSE,FALSE,FALSE,3,2,1
21,173,NA,NA,NA,"F",FALSE,FALSE,TRUE,FALSE,FALSE,FALSE,3,2,1
21,174,NA,NA,NA,"F",FALSE,FALSE,TRUE,FALSE,FALSE,FALSE,3,2,1
22,175,1,NA,NA,"M",TRUE,FALSE,FALSE,FALSE,FALSE,FALSE,1,1,5
22,176,1,NA,NA,"F",TRUE,FALSE,FALSE,FALSE,FALSE,FALSE,5,1,4
22,177,36,NA,NA,"F",TRUE,FALSE,FALSE,TRUE,FALSE,TRUE,1,1,5
22,178,40,NA,NA,"M",TRUE,FALSE,FALSE,FALSE,FALSE,TRUE,1,1,5
22,179,NA,NA,NA,"M",FALSE,FALSE,FALSE,TRUE,FALSE,FALSE,5,2,1
22,180,NA,NA,NA,"F",TRUE,FALSE,FALSE,FALSE,FALSE,FALSE,5,1,4
22,181,NA,NA,NA,"M",TRUE,FALSE,FALSE,FALSE,FALSE,FALSE,4,2,1
23,182,37,NA,NA,"M",TRUE,FALSE,FALSE,FALSE,FALSE,FALSE,1,1,4
23,183,25,NA,NA,"F",FALSE,FALSE,TRUE,FALSE,FALSE,FALSE,1,1,4
23,184,31,NA,NA,"F",TRUE,FALSE,FALSE,FALSE,FALSE,FALSE,1,1,4
23,185,18,NA,NA,"F",FALSE,FALSE,TRUE,FALSE,FALSE,FALSE,1,1,4
23,186,NA,NA,NA,"F",FALSE,FALSE,TRUE,FALSE,FALSE,FALSE,1,1,5
23,187,NA,NA,NA,"F",FALSE,FALSE,TRUE,FALSE,FALSE,FALSE,1,1,4
23,188,NA,NA,NA,"M",FALSE,FALSE,TRUE,FALSE,FALSE,FALSE,2,1,4
23,189,NA,NA,NA,"M",FALSE,FALSE,TRUE,FALSE,FALSE,FALSE,2,1,4
23,190,NA,NA,NA,"F",FALSE,FALSE,TRUE,FALSE,FALSE,FALSE,2,1,4
24,191,34,NA,NA,"F",FALSE,FALSE,FALSE,FALSE,TRUE,FALSE,1,1,5
24,192,37,NA,NA,"M",FALSE,FALSE,FALSE,FALSE,TRUE,FALSE,1,1,5
24,193,34,NA,NA,"M",FALSE,FALSE,FALSE,FALSE,TRUE,FALSE,5,1,4
24,194,62,NA,NA,"M",FALSE,FALSE,FALSE,FALSE,TRUE,FALSE,2,1,4
24,195,65,NA,NA,"F",FALSE,FALSE,FALSE,FALSE,TRUE,FALSE,2,1,4
24,196,63,NA,NA,"F",FALSE,FALSE,FALSE,FALSE,TRUE,FALSE,4,1,4
24,197,60,NA,NA,"F",FALSE,FALSE,FALSE,FALSE,TRUE,FALSE,3,1,4
24,198,NA,NA,NA,"F",FALSE,FALSE,FALSE,FALSE,TRUE,FALSE,5,2,1
25,199,26,NA,NA,"F",TRUE,FALSE,FALSE,TRUE,FALSE,TRUE,1,1,5
25,200,27,NA,NA,"M",TRUE,FALSE,FALSE,TRUE,FALSE,TRUE,1,1,5
25,201,NA,NA,NA,"M",FALSE,FALSE,FALSE,FALSE,FALSE,TRUE,3,2,2
25,202,NA,NA,NA,"F",FALSE,FALSE,FALSE,FALSE,FALSE,TRUE,3,1,2
25,203,NA,NA,NA,"F",FALSE,FALSE,FALSE,FALSE,FALSE,TRUE,4,2,1
26,204,32,NA,NA,"F",TRUE,FALSE,FALSE,TRUE,TRUE,FALSE,1,1,5
26,205,32,NA,NA,"M",TRUE,FALSE,FALSE,FALSE,TRUE,FALSE,1,1,4
26,206,31,NA,NA,"F",FALSE,FALSE,FALSE,FALSE,TRUE,FALSE,3,1,5
26,207,36,NA,NA,"M",FALSE,FALSE,FALSE,FALSE,TRUE,FALSE,4,2,1
26,208,25,NA,NA,"M",FALSE,FALSE,FALSE,FALSE,TRUE,FALSE,5,2,1
26,209,56,NA,NA,"F",FALSE,FALSE,FALSE,FALSE,TRUE,FALSE,2,1,4
26,210,58,NA,NA,"M",FALSE,FALSE,FALSE,FALSE,TRUE,FALSE,2,1,4
26,211,61,NA,NA,"M",TRUE,FALSE,FALSE,FALSE,FALSE,FALSE,2,1,1
26,212,85,NA,NA,"M",TRUE,FALSE,FALSE,FALSE,FALSE,FALSE,2,2,1
27,213,44,NA,NA,"F",TRUE,FALSE,FALSE,FALSE,FALSE,FALSE,1,1,NA
27,214,40,NA,NA,"M",TRUE,FALSE,FALSE,FALSE,FALSE,FALSE,1,1,NA
27,215,45,NA,NA,"F",FALSE,FALSE,FALSE,FALSE,TRUE,FALSE,5,2,1
28,216,36,NA,NA,"F",TRUE,FALSE,FALSE,FALSE,TRUE,FALSE,1,1,5
28,217,50,NA,NA,"F",TRUE,FALSE,FALSE,FALSE,FALSE,FALSE,4,1,3
29,218,29,NA,NA,"M",TRUE,FALSE,FALSE,FALSE,FALSE,FALSE,1,1,5
29,219,27,NA,NA,"F",TRUE,FALSE,FALSE,FALSE,FALSE,FALSE,2,1,3
29,220,30,NA,NA,"F",TRUE,FALSE,FALSE,FALSE,FALSE,FALSE,1,1,5
29,221,50,NA,NA,"M",TRUE,FALSE,FALSE,FALSE,FALSE,FALSE,5,2,1
29,222,40,NA,NA,"F",FALSE,FALSE,FALSE,FALSE,TRUE,FALSE,3,2,1
30,223,8,NA,NA,"M",TRUE,FALSE,FALSE,FALSE,FALSE,FALSE,1,1,5
30,224,6,NA,NA,"M",TRUE,FALSE,FALSE,FALSE,FALSE,FALSE,1,1,5
30,225,8,NA,NA,"M",TRUE,FALSE,FALSE,FALSE,FALSE,FALSE,2,1,2
30,226,8,NA,NA,"M",TRUE,FALSE,FALSE,FALSE,FALSE,FALSE,2,2,2
30,227,39,NA,NA,"M",TRUE,FALSE,FALSE,FALSE,FALSE,FALSE,1,1,5
30,228,35,NA,NA,"F",TRUE,FALSE,FALSE,FALSE,FALSE,FALSE,4,2,3
30,229,35,NA,NA,"F",TRUE,FALSE,FALSE,FALSE,FALSE,FALSE,1,1,5
30,230,59,NA,NA,"F",TRUE,FALSE,FALSE,FALSE,FALSE,FALSE,2,1,4
30,231,64,NA,NA,"F",FALSE,FALSE,FALSE,FALSE,FALSE,TRUE,4,1,3
30,232,86,NA,NA,"F",FALSE,FALSE,FALSE,FALSE,FALSE,TRUE,4,1,3
30,233,61,NA,NA,"F",FALSE,FALSE,FALSE,FALSE,FALSE,TRUE,4,2,3
30,234,60,NA,NA,"M",FALSE,FALSE,FALSE,FALSE,FALSE,TRUE,4,2,3
30,235,40,NA,NA,"M",TRUE,FALSE,FALSE,FALSE,FALSE,FALSE,4,2,2
30,236,NA,NA,NA,NA,FALSE,FALSE,FALSE,FALSE,FALSE,TRUE,5,2,1
30,237,NA,NA,NA,"F",FALSE,FALSE,FALSE,FALSE,FALSE,TRUE,5,2,1
30,238,NA,NA,NA,"M",FALSE,FALSE,FALSE,FALSE,FALSE,TRUE,5,1,1
30,239,NA,NA,NA,"F",FALSE,FALSE,FALSE,FALSE,FALSE,TRUE,5,2,1
30,240,NA,NA,NA,"F",FALSE,FALSE,FALSE,FALSE,FALSE,TRUE,5,2,1
30,241,NA,NA,NA,"F",FALSE,FALSE,FALSE,FALSE,FALSE,TRUE,5,2,1
31,242,1,NA,NA,"F",FALSE,FALSE,FALSE,FALSE,TRUE,FALSE,2,1,4
31,243,4,NA,NA,"M",TRUE,FALSE,FALSE,FALSE,TRUE,FALSE,1,1,5
31,244,30,NA,NA,"F",TRUE,FALSE,FALSE,TRUE,TRUE,FALSE,1,1,5
31,245,33,NA,NA,"M",TRUE,FALSE,FALSE,FALSE,FALSE,FALSE,1,1,5
31,246,30,NA,NA,"F",FALSE,FALSE,FALSE,FALSE,TRUE,FALSE,2,1,4
31,247,31,NA,NA,"M",FALSE,FALSE,FALSE,FALSE,TRUE,FALSE,2,1,4
31,248,24,NA,NA,"F",FALSE,FALSE,FALSE,FALSE,TRUE,FALSE,4,1,4
31,249,31,NA,NA,"F",FALSE,FALSE,FALSE,FALSE,TRUE,FALSE,2,2,4
31,250,27,NA,NA,"M",FALSE,FALSE,FALSE,FALSE,TRUE,FALSE,2,2,4
31,251,NA,NA,NA,"F",FALSE,FALSE,FALSE,FALSE,TRUE,FALSE,5,2,1
31,252,NA,NA,NA,"F",TRUE,FALSE,FALSE,FALSE,FALSE,FALSE,2,1,4
31,253,NA,NA,NA,"M",TRUE,FALSE,FALSE,FALSE,FALSE,FALSE,2,1,4
32,254,2,NA,NA,"F",TRUE,FALSE,FALSE,FALSE,FALSE,TRUE,1,1,5
32,255,10,NA,NA,"M",FALSE,FALSE,FALSE,FALSE,FALSE,TRUE,4,1,4
32,256,24,NA,NA,"F",TRUE,FALSE,FALSE,FALSE,FALSE,TRUE,1,1,5
32,257,23,NA,NA,"M",TRUE,FALSE,FALSE,FALSE,FALSE,FALSE,1,1,5
32,258,21,NA,NA,"M",FALSE,FALSE,FALSE,FALSE,FALSE,TRUE,3,1,4
32,259,21,NA,NA,"F",FALSE,FALSE,FALSE,FALSE,FALSE,TRUE,2,1,4
32,260,62,NA,NA,"F",FALSE,FALSE,FALSE,FALSE,FALSE,TRUE,4,1,4
32,261,NA,NA,NA,"F",FALSE,FALSE,FALSE,FALSE,FALSE,TRUE,NA,1,4
32,262,NA,NA,NA,"M",FALSE,FALSE,FALSE,FALSE,FALSE,TRUE,3,1,4
33,263,2,NA,NA,"F",TRUE,FALSE,FALSE,FALSE,FALSE,FALSE,1,1,5
33,264,6,NA,NA,"M",TRUE,FALSE,FALSE,FALSE,FALSE,FALSE,1,1,5
33,265,37,NA,NA,"F",TRUE,FALSE,FALSE,FALSE,FALSE,FALSE,1,1,5
33,266,38,NA,NA,"F",FALSE,FALSE,FALSE,FALSE,FALSE,TRUE,4,1,2
33,267,44,NA,NA,"M",TRUE,FALSE,FALSE,FALSE,FALSE,FALSE,1,1,5
33,268,60,NA,NA,"F",FALSE,FALSE,FALSE,FALSE,FALSE,TRUE,5,2,1
33,269,65,NA,NA,"F",FALSE,FALSE,FALSE,FALSE,FALSE,TRUE,5,2,1
33,270,68,NA,NA,"F",FALSE,FALSE,FALSE,FALSE,FALSE,TRUE,1,2,3
33,271,69,NA,NA,"M",FALSE,FALSE,FALSE,FALSE,FALSE,TRUE,1,2,1
33,272,42,NA,NA,"F",FALSE,FALSE,FALSE,FALSE,FALSE,TRUE,1,1,4
34,273,23,NA,NA,"F",TRUE,FALSE,FALSE,FALSE,FALSE,FALSE,1,1,5
34,274,24,NA,NA,"M",TRUE,FALSE,FALSE,FALSE,FALSE,FALSE,1,1,5
35,275,25,NA,NA,"F",TRUE,FALSE,FALSE,FALSE,FALSE,FALSE,1,1,5
35,276,32,NA,NA,"M",TRUE,FALSE,FALSE,FALSE,FALSE,FALSE,1,1,5
35,277,25,NA,NA,"F",FALSE,FALSE,FALSE,FALSE,TRUE,FALSE,4,1,4
35,278,49,NA,NA,"F",FALSE,FALSE,FALSE,FALSE,TRUE,FALSE,1,1,4
35,279,NA,50,100,"M",FALSE,FALSE,FALSE,FALSE,TRUE,FALSE,5,1,2
35,280,NA,NA,NA,"F",FALSE,FALSE,FALSE,FALSE,TRUE,FALSE,4,1,2
36,281,38,NA,NA,"M",TRUE,FALSE,FALSE,FALSE,FALSE,FALSE,1,1,4
36,282,67,NA,NA,"F",FALSE,FALSE,FALSE,FALSE,TRUE,FALSE,1,1,4
36,283,41,NA,NA,"F",TRUE,FALSE,FALSE,FALSE,FALSE,FALSE,1,1,5
36,284,NA,NA,NA,"F",FALSE,FALSE,TRUE,FALSE,FALSE,FALSE,1,1,5
36,285,NA,NA,NA,"F",FALSE,FALSE,TRUE,FALSE,FALSE,FALSE,2,1,5
37,286,30,NA,NA,"F",TRUE,FALSE,FALSE,FALSE,FALSE,FALSE,1,1,5
37,287,30,NA,NA,"M",TRUE,FALSE,FALSE,FALSE,FALSE,FALSE,1,1,5
37,288,32,NA,NA,"F",FALSE,FALSE,FALSE,FALSE,FALSE,TRUE,2,2,4
37,289,NA,NA,NA,"F",FALSE,FALSE,FALSE,FALSE,FALSE,TRUE,2,2,4
37,290,NA,NA,NA,"F",FALSE,FALSE,FALSE,FALSE,FALSE,TRUE,2,2,4
37,291,NA,NA,NA,"F",FALSE,FALSE,FALSE,FALSE,FALSE,TRUE,2,2,4
37,292,NA,NA,NA,"F",FALSE,FALSE,FALSE,FALSE,FALSE,TRUE,5,2,4
37,293,NA,NA,NA,"F",FALSE,FALSE,FALSE,FALSE,FALSE,TRUE,5,2,4
37,294,NA,NA,NA,"F",FALSE,FALSE,FALSE,FALSE,FALSE,TRUE,2,2,4
38,295,29,NA,NA,"F",TRUE,FALSE,FALSE,FALSE,FALSE,TRUE,1,1,5
38,296,28,NA,NA,"M",TRUE,FALSE,FALSE,FALSE,FALSE,FALSE,1,1,5
38,297,26,NA,NA,"F",FALSE,FALSE,FALSE,FALSE,FALSE,TRUE,3,1,4
38,298,71,NA,NA,"F",FALSE,FALSE,FALSE,FALSE,FALSE,TRUE,2,1,4
38,299,70,NA,NA,"M",FALSE,FALSE,FALSE,FALSE,FALSE,TRUE,2,1,4
39,300,2,NA,NA,"M",FALSE,FALSE,FALSE,FALSE,FALSE,TRUE,4,1,4
39,301,18,NA,NA,"F",FALSE,FALSE,FALSE,FALSE,FALSE,TRUE,4,2,3
39,302,20,NA,NA,"F",TRUE,FALSE,FALSE,TRUE,FALSE,FALSE,1,1,5
39,303,20,NA,NA,"F",FALSE,FALSE,FALSE,TRUE,FALSE,TRUE,2,1,5
39,304,24,NA,NA,"F",FALSE,FALSE,FALSE,FALSE,FALSE,TRUE,3,1,4
39,305,24,NA,NA,"F",FALSE,FALSE,FALSE,FALSE,FALSE,TRUE,4,2,3
39,306,47,NA,NA,"F",TRUE,FALSE,FALSE,FALSE,FALSE,FALSE,1,1,4
39,307,NA,NA,NA,"F",FALSE,FALSE,FALSE,FALSE,FALSE,FALSE,3,1,4
40,308,3,NA,NA,"M",TRUE,FALSE,FALSE,FALSE,FALSE,FALSE,1,1,5
40,309,25,NA,NA,"F",TRUE,FALSE,FALSE,FALSE,FALSE,FALSE,1,1,5
40,310,34,NA,NA,"M",TRUE,FALSE,FALSE,FALSE,FALSE,FALSE,1,1,5
40,311,54,NA,NA,"F",FALSE,FALSE,FALSE,FALSE,FALSE,TRUE,1,1,4
40,312,52,NA,NA,"M",FALSE,FALSE,FALSE,FALSE,FALSE,TRUE,2,1,4
41,313,6,NA,NA,"F",TRUE,FALSE,FALSE,FALSE,TRUE,FALSE,1,1,5
41,314,35,NA,NA,"F",TRUE,FALSE,FALSE,FALSE,FALSE,FALSE,1,1,5
41,315,33,NA,NA,"M",TRUE,FALSE,FALSE,FALSE,FALSE,FALSE,1,1,5
42,316,2,NA,NA,"M",TRUE,FALSE,FALSE,FALSE,FALSE,FALSE,1,1,5
42,317,2,NA,NA,"F",FALSE,FALSE,TRUE,FALSE,FALSE,FALSE,2,1,1
42,318,2,NA,NA,"M",FALSE,FALSE,TRUE,FALSE,FALSE,FALSE,2,1,1
42,319,4,NA,NA,"M",TRUE,FALSE,FALSE,FALSE,FALSE,FALSE,1,1,5
42,320,4,NA,NA,"M",TRUE,FALSE,FALSE,FALSE,FALSE,FALSE,1,1,5
42,321,31,NA,NA,"F",TRUE,FALSE,FALSE,FALSE,FALSE,FALSE,1,1,5
42,322,24,NA,NA,"F",FALSE,FALSE,FALSE,FALSE,FALSE,TRUE,2,1,3
42,323,31,NA,NA,"F",FALSE,FALSE,FALSE,FALSE,FALSE,TRUE,2,1,3
42,324,26,NA,NA,"F",FALSE,FALSE,TRUE,FALSE,FALSE,FALSE,2,1,1
42,325,45,NA,NA,"F",FALSE,FALSE,FALSE,FALSE,FALSE,TRUE,2,1,3
42,326,62,NA,NA,"M",TRUE,FALSE,FALSE,FALSE,FALSE,FALSE,3,1,5
42,327,62,NA,NA,"F",TRUE,FALSE,FALSE,FALSE,FALSE,FALSE,3,1,5
42,328,NA,NA,NA,"F",FALSE,FALSE,FALSE,FALSE,FALSE,TRUE,5,1,3
43,329,3,NA,NA,"M",TRUE,FALSE,FALSE,FALSE,FALSE,FALSE,1,1,5
43,330,28,NA,NA,"F",TRUE,FALSE,FALSE,TRUE,FALSE,FALSE,1,1,5
43,331,30,NA,NA,"M",TRUE,FALSE,FALSE,TRUE,FALSE,FALSE,1,1,5
44,332,23,NA,NA,"F",TRUE,FALSE,FALSE,FALSE,TRUE,TRUE,1,1,5
44,333,25,NA,NA,"M",TRUE,FALSE,FALSE,FALSE,FALSE,FALSE,1,1,3
44,334,52,NA,NA,"F",FALSE,FALSE,FALSE,TRUE,FALSE,FALSE,2,1,4
44,335,55,NA,NA,"M",FALSE,FALSE,FALSE,TRUE,FALSE,TRUE,2,1,4
45,336,2,NA,NA,"F",TRUE,FALSE,FALSE,FALSE,FALSE,FALSE,1,1,5
45,337,28,NA,NA,"F",TRUE,FALSE,FALSE,FALSE,TRUE,FALSE,1,1,5
45,338,34,NA,NA,"M",TRUE,FALSE,FALSE,FALSE,FALSE,FALSE,1,1,5
45,339,71,NA,NA,"M",TRUE,FALSE,FALSE,FALSE,TRUE,FALSE,1,1,4
45,340,66,NA,NA,"F",TRUE,FALSE,FALSE,FALSE,FALSE,FALSE,1,1,4
45,341,45,NA,NA,"M",FALSE,FALSE,FALSE,FALSE,TRUE,FALSE,5,1,3
46,342,7,NA,NA,"M",TRUE,FALSE,FALSE,FALSE,FALSE,FALSE,1,1,4
46,343,32,NA,NA,"F",TRUE,FALSE,FALSE,FALSE,FALSE,FALSE,1,1,5
46,344,32,NA,NA,"M",TRUE,FALSE,FALSE,FALSE,FALSE,FALSE,1,1,5
47,345,23,NA,NA,"F",TRUE,FALSE,FALSE,FALSE,FALSE,FALSE,1,1,5
47,346,28,NA,NA,"M",TRUE,FALSE,FALSE,FALSE,FALSE,FALSE,1,1,4
47,347,23,NA,NA,"F",TRUE,FALSE,FALSE,FALSE,FALSE,FALSE,3,1,4
47,348,41,NA,NA,"F",TRUE,FALSE,FALSE,FALSE,FALSE,FALSE,3,1,4
48,349,1,NA,NA,"M",FALSE,FALSE,FALSE,FALSE,TRUE,FALSE,2,1,2
48,350,37,NA,NA,"F",TRUE,FALSE,FALSE,TRUE,TRUE,FALSE,1,1,5
48,351,55,NA,NA,"M",TRUE,FALSE,FALSE,FALSE,FALSE,FALSE,1,1,4
48,352,NA,NA,NA,"F",FALSE,FALSE,FALSE,FALSE,TRUE,FALSE,2,2,2
48,353,NA,NA,NA,"F",TRUE,FALSE,FALSE,FALSE,FALSE,FALSE,2,1,3
48,354,NA,NA,NA,"F",FALSE,FALSE,FALSE,FALSE,TRUE,FALSE,2,2,3
49,355,2,NA,NA,"M",FALSE,FALSE,FALSE,FALSE,FALSE,TRUE,3,1,4
49,356,6,NA,NA,"M",FALSE,FALSE,FALSE,FALSE,FALSE,TRUE,4,2,4
49,357,15,NA,NA,"F",TRUE,FALSE,FALSE,FALSE,FALSE,FALSE,3,2,4
49,358,22,NA,NA,"F",TRUE,FALSE,FALSE,FALSE,FALSE,FALSE,1,1,5
49,359,24,NA,NA,"M",TRUE,FALSE,FALSE,FALSE,FALSE,FALSE,1,1,5
49,360,24,NA,NA,"F",FALSE,FALSE,FALSE,FALSE,FALSE,TRUE,4,1,4
49,361,20,NA,NA,"F",FALSE,FALSE,FALSE,FALSE,FALSE,TRUE,3,1,4
49,362,27,NA,NA,"F",FALSE,FALSE,FALSE,FALSE,FALSE,TRUE,4,2,4
49,363,24,NA,NA,"M",FALSE,FALSE,FALSE,FALSE,FALSE,TRUE,3,2,4
49,364,25,NA,NA,"M",FALSE,FALSE,FALSE,FALSE,FALSE,TRUE,3,2,4
49,365,28,NA,NA,"M",FALSE,FALSE,FALSE,FALSE,FALSE,TRUE,5,1,4
49,366,45,NA,NA,"F",TRUE,FALSE,FALSE,FALSE,FALSE,FALSE,4,1,4
49,367,47,NA,NA,"M",TRUE,FALSE,FALSE,FALSE,FALSE,FALSE,3,1,4
50,368,25,NA,NA,"F",TRUE,FALSE,FALSE,FALSE,TRUE,FALSE,1,1,5
50,369,25,NA,NA,"M",TRUE,FALSE,FALSE,FALSE,TRUE,FALSE,1,1,5
50,370,20,NA,NA,"M",TRUE,FALSE,FALSE,FALSE,FALSE,FALSE,1,1,4
50,371,24,NA,NA,"F",FALSE,FALSE,FALSE,FALSE,TRUE,FALSE,3,1,1
50,372,32,NA,NA,"M",TRUE,FALSE,FALSE,FALSE,TRUE,FALSE,3,1,4
50,373,48,NA,NA,"F",TRUE,FALSE,FALSE,FALSE,FALSE,FALSE,1,1,4
50,374,55,NA,NA,"F",TRUE,FALSE,FALSE,FALSE,FALSE,FALSE,2,1,4
50,375,55,NA,NA,"M",TRUE,FALSE,FALSE,FALSE,FALSE,FALSE,2,1,3
51,376,29,NA,NA,"F",TRUE,FALSE,FALSE,FALSE,FALSE,FALSE,1,1,5
51,377,29,NA,NA,"M",TRUE,FALSE,FALSE,FALSE,FALSE,FALSE,1,1,5
51,378,29,NA,NA,"F",TRUE,FALSE,FALSE,FALSE,FALSE,FALSE,4,1,5
52,379,32,NA,NA,"M",TRUE,FALSE,FALSE,FALSE,FALSE,FALSE,1,1,5
52,380,33,NA,NA,"F",TRUE,FALSE,FALSE,FALSE,FALSE,FALSE,1,1,5
53,381,19,NA,NA,"F",TRUE,FALSE,FALSE,FALSE,FALSE,FALSE,1,1,5
53,382,52,NA,NA,"F",TRUE,FALSE,FALSE,FALSE,FALSE,FALSE,1,1,4
53,383,51,NA,NA,"M",TRUE,FALSE,FALSE,FALSE,FALSE,FALSE,1,1,4
54,384,27,NA,NA,"F",TRUE,FALSE,FALSE,FALSE,FALSE,FALSE,1,1,5
54,385,29,NA,NA,"M",TRUE,FALSE,FALSE,FALSE,FALSE,FALSE,1,1,5
54,386,37,NA,NA,"M",TRUE,FALSE,FALSE,FALSE,FALSE,FALSE,1,1,2
54,387,25,NA,NA,"F",TRUE,FALSE,FALSE,FALSE,FALSE,FALSE,4,1,5
54,388,32,NA,NA,"F",TRUE,FALSE,FALSE,FALSE,TRUE,FALSE,5,1,4
55,389,29,NA,NA,"F",TRUE,FALSE,FALSE,FALSE,FALSE,FALSE,1,1,5
55,390,31,NA,NA,"M",TRUE,FALSE,FALSE,FALSE,FALSE,FALSE,1,1,5
55,391,38,NA,NA,"F",TRUE,FALSE,FALSE,FALSE,FALSE,FALSE,3,1,2
55,392,57,NA,NA,"F",FALSE,FALSE,FALSE,FALSE,TRUE,FALSE,2,1,3
56,393,66,NA,NA,"F",TRUE,FALSE,FALSE,TRUE,TRUE,FALSE,1,1,5
56,394,42,NA,NA,"F",TRUE,FALSE,FALSE,TRUE,TRUE,FALSE,1,1,5
57,395,3,NA,NA,"F",TRUE,FALSE,FALSE,FALSE,FALSE,FALSE,1,1,5
57,396,38,NA,NA,"M",TRUE,FALSE,FALSE,FALSE,FALSE,FALSE,1,1,5
57,397,38,NA,NA,"F",TRUE,FALSE,FALSE,FALSE,FALSE,FALSE,1,1,5
57,398,60,NA,NA,"F",FALSE,FALSE,FALSE,FALSE,TRUE,FALSE,5,2,1
58,399,2,NA,NA,"M",TRUE,FALSE,FALSE,TRUE,FALSE,FALSE,1,1,5
58,400,3,NA,NA,"M",FALSE,FALSE,FALSE,FALSE,TRUE,FALSE,2,1,2
58,401,5,NA,NA,"F",TRUE,FALSE,FALSE,TRUE,FALSE,FALSE,1,1,5
58,402,39,NA,NA,"M",TRUE,FALSE,FALSE,FALSE,FALSE,FALSE,1,1,5
58,403,41,NA,NA,"F",TRUE,FALSE,FALSE,TRUE,TRUE,FALSE,1,1,5
58,404,NA,NA,NA,"M",TRUE,FALSE,FALSE,FALSE,FALSE,FALSE,5,NA,1
58,405,NA,NA,NA,"F",FALSE,FALSE,FALSE,FALSE,TRUE,FALSE,4,1,3
58,406,NA,NA,NA,"M",FALSE,FALSE,FALSE,FALSE,TRUE,FALSE,4,2,3
58,407,NA,NA,NA,"F",FALSE,FALSE,FALSE,FALSE,TRUE,FALSE,2,1,2
58,408,NA,NA,NA,"F",FALSE,FALSE,FALSE,FALSE,TRUE,FALSE,2,1,2
58,409,NA,NA,NA,"F",FALSE,FALSE,FALSE,FALSE,TRUE,FALSE,2,1,3
58,410,NA,NA,NA,"F",FALSE,FALSE,FALSE,FALSE,TRUE,FALSE,2,1,3
58,411,NA,NA,NA,"F",FALSE,FALSE,FALSE,FALSE,TRUE,FALSE,5,2,1
58,412,NA,NA,NA,"F",FALSE,FALSE,FALSE,FALSE,TRUE,FALSE,5,2,1
58,413,NA,NA,NA,"F",FALSE,FALSE,FALSE,FALSE,TRUE,FALSE,2,2,3
59,414,2,NA,NA,"F",TRUE,FALSE,FALSE,FALSE,TRUE,FALSE,1,2,5
59,415,2,NA,NA,"M",TRUE,FALSE,FALSE,FALSE,TRUE,FALSE,NA,2,5
59,416,30,NA,NA,"M",TRUE,FALSE,FALSE,FALSE,FALSE,FALSE,1,1,5
59,417,24,NA,NA,"F",TRUE,FALSE,FALSE,FALSE,TRUE,FALSE,1,1,5
59,418,22,NA,NA,"F",TRUE,FALSE,FALSE,FALSE,FALSE,FALSE,1,1,3
59,419,45,NA,NA,"F",TRUE,FALSE,FALSE,FALSE,TRUE,FALSE,1,1,4
59,420,47,NA,NA,"M",TRUE,FALSE,FALSE,FALSE,FALSE,FALSE,1,1,4
60,421,9,NA,NA,"F",TRUE,FALSE,FALSE,FALSE,FALSE,FALSE,3,1,2
60,422,5,NA,NA,"M",TRUE,FALSE,FALSE,FALSE,FALSE,FALSE,3,1,2
60,423,13,NA,NA,"F",TRUE,FALSE,FALSE,FALSE,FALSE,FALSE,2,1,3
60,424,11,NA,NA,"F",TRUE,FALSE,FALSE,FALSE,FALSE,FALSE,2,1,3
60,425,13,NA,NA,"F",TRUE,FALSE,FALSE,FALSE,FALSE,FALSE,3,1,3
60,426,11,NA,NA,"F",TRUE,FALSE,FALSE,FALSE,FALSE,FALSE,3,1,2
60,427,34,NA,NA,"M",TRUE,FALSE,FALSE,TRUE,FALSE,FALSE,1,1,5
60,428,38,NA,NA,"F",TRUE,FALSE,FALSE,FALSE,FALSE,FALSE,1,1,4
60,429,39,NA,NA,"M",TRUE,FALSE,FALSE,FALSE,FALSE,FALSE,2,1,4
61,430,35,NA,NA,"F",TRUE,FALSE,FALSE,FALSE,FALSE,FALSE,1,1,5
61,431,33,NA,NA,"M",TRUE,FALSE,FALSE,FALSE,FALSE,FALSE,NA,1,5
61,432,59,NA,NA,"F",TRUE,FALSE,FALSE,FALSE,FALSE,FALSE,2,1,4
62,433,2,NA,NA,"F",TRUE,FALSE,FALSE,FALSE,FALSE,FALSE,4,1,5
62,434,4,NA,NA,"F",TRUE,FALSE,FALSE,FALSE,FALSE,FALSE,4,1,5
62,435,27,NA,NA,"M",TRUE,FALSE,FALSE,FALSE,FALSE,FALSE,1,1,5
62,436,27,NA,NA,"F",TRUE,FALSE,FALSE,FALSE,FALSE,FALSE,1,1,5
62,437,32,NA,NA,"F",TRUE,FALSE,FALSE,FALSE,FALSE,FALSE,4,1,5
62,438,32,NA,NA,"M",TRUE,FALSE,FALSE,FALSE,FALSE,FALSE,4,1,5
63,439,29,NA,NA,"F",TRUE,FALSE,FALSE,FALSE,FALSE,FALSE,1,1,5
64,440,30,NA,NA,"F",TRUE,FALSE,FALSE,FALSE,FALSE,TRUE,1,1,5
64,441,30,NA,NA,"M",TRUE,FALSE,FALSE,FALSE,FALSE,TRUE,1,1,5
64,442,63,NA,NA,"F",FALSE,FALSE,FALSE,FALSE,FALSE,TRUE,2,1,4
64,443,60,NA,NA,"M",FALSE,FALSE,FALSE,FALSE,FALSE,TRUE,3,1,4
65,444,35,NA,NA,"F",TRUE,FALSE,FALSE,FALSE,FALSE,FALSE,1,1,5
65,445,39,NA,NA,"M",TRUE,FALSE,FALSE,FALSE,FALSE,FALSE,1,1,5
66,446,2,NA,NA,"F",TRUE,FALSE,FALSE,FALSE,FALSE,FALSE,1,1,5
66,447,4,NA,NA,"F",TRUE,FALSE,FALSE,FALSE,FALSE,FALSE,1,1,5
66,448,30,NA,NA,"F",TRUE,FALSE,FALSE,FALSE,FALSE,FALSE,1,1,5
66,449,31,NA,NA,"M",TRUE,FALSE,FALSE,FALSE,FALSE,FALSE,1,1,5
66,450,29,NA,NA,"M",TRUE,FALSE,FALSE,FALSE,FALSE,FALSE,2,1,1
66,451,26,NA,NA,"F",TRUE,FALSE,FALSE,FALSE,FALSE,FALSE,2,1,3
66,452,21,NA,NA,"M",TRUE,FALSE,FALSE,FALSE,FALSE,FALSE,2,1,1
66,453,63,NA,NA,"F",TRUE,FALSE,FALSE,FALSE,FALSE,FALSE,1,1,3
66,454,70,NA,NA,"M",TRUE,FALSE,FALSE,FALSE,FALSE,FALSE,1,2,2
66,455,NA,NA,NA,"M",TRUE,FALSE,FALSE,FALSE,FALSE,FALSE,2,1,3
66,456,NA,NA,NA,"F",TRUE,FALSE,FALSE,FALSE,FALSE,FALSE,2,1,3
67,457,4,NA,NA,"M",TRUE,FALSE,FALSE,FALSE,FALSE,FALSE,1,1,5
67,458,33,NA,NA,"F",TRUE,FALSE,FALSE,FALSE,TRUE,FALSE,1,1,5
67,459,33,NA,NA,"M",TRUE,FALSE,FALSE,FALSE,FALSE,FALSE,1,1,5
68,460,2,NA,NA,"M",TRUE,FALSE,FALSE,FALSE,FALSE,FALSE,1,1,5
68,461,1,NA,NA,"M",TRUE,FALSE,FALSE,FALSE,FALSE,FALSE,1,1,5
68,462,4,NA,NA,"F",FALSE,FALSE,FALSE,TRUE,FALSE,FALSE,2,1,2
68,463,3,NA,NA,"M",FALSE,FALSE,FALSE,TRUE,FALSE,FALSE,2,2,2
68,464,7,NA,NA,"F",FALSE,FALSE,FALSE,TRUE,FALSE,FALSE,2,1,2
68,465,6,NA,NA,"F",TRUE,FALSE,FALSE,FALSE,FALSE,FALSE,1,1,5
68,466,30,NA,NA,"F",FALSE,FALSE,TRUE,FALSE,FALSE,FALSE,1,2,2
68,467,24,NA,NA,"F",FALSE,FALSE,TRUE,FALSE,FALSE,FALSE,2,1,2
68,468,30,NA,NA,"F",FALSE,FALSE,FALSE,TRUE,FALSE,FALSE,2,2,2
68,469,21,NA,NA,"F",FALSE,FALSE,FALSE,FALSE,TRUE,FALSE,4,2,1
68,470,35,NA,NA,"M",FALSE,FALSE,FALSE,FALSE,TRUE,FALSE,4,2,1
68,471,31,NA,NA,"M",FALSE,FALSE,TRUE,FALSE,FALSE,FALSE,1,1,4
68,472,24,NA,NA,"F",TRUE,FALSE,FALSE,FALSE,FALSE,FALSE,1,1,5
68,473,30,NA,NA,"F",FALSE,FALSE,FALSE,TRUE,FALSE,FALSE,3,2,1
68,474,21,NA,NA,"F",FALSE,FALSE,TRUE,FALSE,FALSE,FALSE,2,2,1
68,475,24,NA,NA,"F",FALSE,FALSE,FALSE,TRUE,FALSE,FALSE,3,2,1
68,476,31,NA,NA,"M",TRUE,FALSE,FALSE,FALSE,FALSE,FALSE,1,1,2
68,477,50,NA,NA,"F",FALSE,FALSE,FALSE,FALSE,TRUE,FALSE,3,2,1
68,478,NA,NA,NA,"M",FALSE,FALSE,FALSE,TRUE,FALSE,FALSE,1,2,1
69,479,1,NA,NA,"M",TRUE,FALSE,FALSE,FALSE,FALSE,FALSE,1,1,5
69,480,1,NA,NA,"M",FALSE,FALSE,FALSE,FALSE,TRUE,FALSE,3,2,4
69,481,36,NA,NA,"F",TRUE,FALSE,FALSE,FALSE,FALSE,FALSE,1,1,5
69,482,35,NA,NA,"F",FALSE,FALSE,FALSE,FALSE,TRUE,FALSE,3,2,4
69,483,33,NA,NA,"M",TRUE,FALSE,FALSE,FALSE,FALSE,FALSE,1,1,5
70,484,2,NA,NA,"F",TRUE,FALSE,FALSE,FALSE,FALSE,FALSE,3,1,4
70,485,1,NA,NA,"F",TRUE,FALSE,FALSE,FALSE,FALSE,FALSE,1,1,5
70,486,31,NA,NA,"F",TRUE,FALSE,FALSE,FALSE,FALSE,FALSE,1,1,5
70,487,38,NA,NA,"M",TRUE,FALSE,FALSE,FALSE,FALSE,FALSE,1,1,5
70,488,31,NA,NA,"F",TRUE,FALSE,FALSE,FALSE,FALSE,FALSE,3,1,4
70,489,34,NA,NA,"F",FALSE,TRUE,FALSE,FALSE,FALSE,FALSE,4,1,2
70,490,35,NA,NA,"F",FALSE,TRUE,FALSE,FALSE,FALSE,FALSE,4,2,1
70,491,40,NA,NA,"F",FALSE,TRUE,FALSE,FALSE,FALSE,FALSE,4,1,1
71,492,4,NA,NA,"M",TRUE,FALSE,FALSE,FALSE,FALSE,FALSE,2,1,NA
71,493,31,NA,NA,"F",TRUE,FALSE,FALSE,FALSE,FALSE,FALSE,1,1,5
71,494,39,NA,NA,"M",TRUE,FALSE,FALSE,FALSE,FALSE,FALSE,1,1,4
71,495,38,NA,NA,"F",FALSE,FALSE,FALSE,FALSE,FALSE,TRUE,2,1,1
72,496,4,NA,NA,"M",FALSE,FALSE,FALSE,FALSE,FALSE,TRUE,2,1,3
72,497,24,NA,NA,"M",TRUE,FALSE,FALSE,FALSE,FALSE,FALSE,2,1,4
72,498,27,NA,NA,"M",FALSE,FALSE,FALSE,FALSE,FALSE,TRUE,2,2,3
72,499,26,NA,NA,"F",TRUE,FALSE,FALSE,FALSE,TRUE,TRUE,1,1,5
72,500,25,NA,NA,"M",TRUE,FALSE,FALSE,FALSE,TRUE,TRUE,1,1,5
72,501,57,NA,NA,"M",TRUE,FALSE,FALSE,FALSE,FALSE,FALSE,2,1,4
72,502,NA,NA,NA,"M",FALSE,FALSE,FALSE,FALSE,FALSE,TRUE,2,2,1
72,503,NA,NA,NA,"F",FALSE,FALSE,FALSE,FALSE,FALSE,TRUE,2,2,1
72,504,NA,NA,NA,"F",FALSE,FALSE,FALSE,FALSE,FALSE,TRUE,2,2,3
72,505,NA,NA,NA,"M",FALSE,FALSE,FALSE,FALSE,FALSE,TRUE,2,1,3
72,506,NA,NA,NA,"F",FALSE,FALSE,FALSE,FALSE,FALSE,TRUE,2,1,3
73,507,1,NA,NA,"F",FALSE,FALSE,FALSE,FALSE,TRUE,FALSE,2,1,3
73,508,33,NA,NA,"F",TRUE,FALSE,FALSE,TRUE,TRUE,TRUE,1,1,5
73,509,36,NA,NA,"M",TRUE,FALSE,FALSE,TRUE,TRUE,TRUE,1,1,5
73,510,39,NA,NA,"F",FALSE,FALSE,FALSE,FALSE,TRUE,FALSE,2,2,3
73,511,34,NA,NA,"F",FALSE,FALSE,FALSE,FALSE,TRUE,FALSE,2,1,4
73,512,34,NA,NA,"M",FALSE,FALSE,FALSE,FALSE,TRUE,FALSE,3,1,4
73,513,34,NA,NA,"F",TRUE,FALSE,FALSE,FALSE,FALSE,FALSE,2,1,4
74,514,13,NA,NA,"M",FALSE,FALSE,FALSE,FALSE,FALSE,FALSE,2,2,3
74,515,22,NA,NA,"F",TRUE,FALSE,FALSE,FALSE,FALSE,FALSE,1,1,5
74,516,21,NA,NA,"M",TRUE,FALSE,FALSE,FALSE,FALSE,FALSE,1,1,5
74,517,24,NA,NA,"M",FALSE,FALSE,FALSE,FALSE,FALSE,TRUE,2,1,3
74,518,20,NA,NA,"F",FALSE,FALSE,FALSE,FALSE,FALSE,TRUE,2,1,3
74,519,42,NA,NA,"F",FALSE,FALSE,FALSE,FALSE,FALSE,TRUE,2,1,3
74,520,NA,NA,NA,"F",FALSE,FALSE,FALSE,FALSE,FALSE,TRUE,3,2,1
75,521,4,NA,NA,"M",FALSE,FALSE,FALSE,FALSE,FALSE,TRUE,4,2,4
75,522,30,NA,NA,"F",TRUE,FALSE,FALSE,FALSE,FALSE,FALSE,1,1,5
75,523,32,NA,NA,"M",TRUE,FALSE,FALSE,FALSE,FALSE,FALSE,1,1,5
75,524,35,NA,NA,"M",FALSE,FALSE,FALSE,FALSE,FALSE,TRUE,4,2,4
75,525,30,NA,NA,"F",FALSE,FALSE,FALSE,FALSE,FALSE,TRUE,4,1,4
75,526,30,NA,NA,"M",FALSE,FALSE,FALSE,FALSE,FALSE,TRUE,4,2,4
75,527,40,NA,NA,"F",FALSE,FALSE,FALSE,FALSE,FALSE,TRUE,4,1,4
76,528,3,NA,NA,"F",TRUE,FALSE,FALSE,FALSE,FALSE,FALSE,3,1,4
76,529,24,NA,NA,"F",TRUE,FALSE,FALSE,TRUE,TRUE,FALSE,1,1,5
76,530,24,NA,NA,"M",TRUE,FALSE,FALSE,TRUE,TRUE,FALSE,1,1,5
76,531,25,NA,NA,"F",TRUE,FALSE,FALSE,FALSE,FALSE,FALSE,3,1,4
76,532,22,NA,NA,"M",TRUE,FALSE,FALSE,FALSE,FALSE,FALSE,2,2,2
76,533,30,NA,NA,"F",FALSE,FALSE,FALSE,FALSE,TRUE,FALSE,5,2,1
76,534,NA,NA,NA,"F",TRUE,FALSE,FALSE,TRUE,FALSE,FALSE,1,1,5
76,535,45,NA,NA,"F",FALSE,FALSE,FALSE,FALSE,FALSE,FALSE,2,1,3
76,536,NA,NA,NA,NA,FALSE,FALSE,FALSE,FALSE,FALSE,FALSE,NA,NA,NA
77,537,10,NA,NA,"F",TRUE,FALSE,FALSE,FALSE,FALSE,FALSE,2,1,5
77,538,35,NA,NA,"F",TRUE,FALSE,FALSE,FALSE,FALSE,FALSE,1,1,5
77,539,37,NA,NA,"M",TRUE,FALSE,FALSE,FALSE,FALSE,FALSE,1,1,5
78,540,9,NA,NA,"M",TRUE,FALSE,FALSE,FALSE,FALSE,FALSE,1,1,5
78,541,41,NA,NA,"F",TRUE,FALSE,FALSE,FALSE,FALSE,FALSE,1,1,5
78,542,41,NA,NA,"M",TRUE,FALSE,FALSE,FALSE,FALSE,FALSE,1,1,5
78,543,65,NA,NA,"F",TRUE,FALSE,FALSE,FALSE,FALSE,FALSE,2,1,5
78,544,72,NA,NA,"M",TRUE,FALSE,FALSE,FALSE,FALSE,FALSE,2,1,1
79,545,1,NA,NA,NA,TRUE,FALSE,FALSE,FALSE,FALSE,FALSE,1,1,4
79,546,6,NA,NA,"M",TRUE,FALSE,FALSE,FALSE,FALSE,FALSE,1,1,5
79,547,6,NA,NA,"F",TRUE,FALSE,FALSE,FALSE,FALSE,FALSE,1,1,5
79,548,38,NA,NA,"M",TRUE,FALSE,FALSE,FALSE,FALSE,FALSE,1,1,5
79,549,39,NA,NA,"F",TRUE,FALSE,FALSE,FALSE,FALSE,FALSE,1,1,5
80,550,NA,NA,NA,NA,FALSE,FALSE,FALSE,FALSE,FALSE,FALSE,NA,NA,NA
81,551,1,NA,NA,"M",TRUE,FALSE,FALSE,FALSE,FALSE,FALSE,1,1,5
81,552,4,NA,NA,"M",TRUE,FALSE,FALSE,FALSE,FALSE,FALSE,1,1,5
81,553,8,NA,NA,"M",TRUE,FALSE,FALSE,FALSE,FALSE,FALSE,1,1,5
81,554,29,NA,NA,"F",TRUE,FALSE,FALSE,FALSE,FALSE,FALSE,1,1,5
81,555,36,NA,NA,"M",TRUE,FALSE,FALSE,FALSE,FALSE,FALSE,1,1,5
81,556,31,NA,NA,"M",TRUE,FALSE,FALSE,FALSE,FALSE,FALSE,1,2,4
82,557,3,NA,NA,"F",TRUE,FALSE,FALSE,TRUE,FALSE,FALSE,1,1,5
82,558,30,NA,NA,"F",TRUE,FALSE,FALSE,TRUE,FALSE,FALSE,1,1,5
82,559,32,NA,NA,"M",TRUE,FALSE,FALSE,TRUE,FALSE,FALSE,1,1,5
82,560,59,NA,NA,"F",TRUE,FALSE,FALSE,FALSE,FALSE,FALSE,2,1,4
82,561,NA,NA,NA,"F",FALSE,FALSE,FALSE,FALSE,TRUE,FALSE,5,2,1
83,562,30,NA,NA,"F",TRUE,FALSE,FALSE,FALSE,FALSE,FALSE,1,1,5
83,563,56,NA,NA,"F",TRUE,FALSE,FALSE,FALSE,FALSE,FALSE,1,1,3
83,564,46,NA,NA,"M",TRUE,FALSE,FALSE,FALSE,FALSE,FALSE,1,1,4
84,565,1,NA,NA,"M",TRUE,FALSE,FALSE,FALSE,FALSE,FALSE,1,1,5
84,566,30,NA,NA,"F",TRUE,FALSE,FALSE,FALSE,FALSE,FALSE,1,1,5
84,567,30,NA,NA,"M",TRUE,FALSE,FALSE,FALSE,FALSE,FALSE,1,1,5
84,568,52,NA,NA,"F",FALSE,FALSE,FALSE,FALSE,FALSE,TRUE,2,1,4
85,569,53,NA,NA,"F",FALSE,FALSE,FALSE,FALSE,FALSE,TRUE,2,1,4
86,570,31,NA,NA,"F",TRUE,FALSE,FALSE,FALSE,FALSE,FALSE,1,1,5
86,571,32,NA,NA,"M",TRUE,FALSE,FALSE,FALSE,FALSE,FALSE,1,1,5
86,572,NA,NA,NA,"F",FALSE,FALSE,TRUE,FALSE,FALSE,FALSE,1,1,5
86,573,NA,NA,NA,"F",FALSE,FALSE,TRUE,FALSE,FALSE,FALSE,1,1,5
86,574,NA,NA,NA,"F",FALSE,FALSE,TRUE,FALSE,FALSE,FALSE,1,1,5
86,575,NA,NA,NA,"F",FALSE,FALSE,FALSE,FALSE,FALSE,TRUE,5,1,2
87,576,5,NA,NA,"F",TRUE,FALSE,FALSE,FALSE,FALSE,FALSE,1,1,5
87,577,32,NA,NA,"F",TRUE,FALSE,FALSE,FALSE,FALSE,FALSE,1,1,5
87,578,35,NA,NA,"M",TRUE,FALSE,FALSE,FALSE,FALSE,FALSE,1,1,5
87,579,55,NA,NA,"F",TRUE,FALSE,FALSE,FALSE,FALSE,FALSE,2,1,3
87,580,55,NA,NA,"M",TRUE,FALSE,FALSE,FALSE,FALSE,FALSE,2,1,2
88,581,4,NA,NA,"M",FALSE,FALSE,FALSE,FALSE,FALSE,TRUE,4,1,5
88,582,31,NA,NA,"M",TRUE,FALSE,FALSE,TRUE,FALSE,TRUE,1,1,5
88,583,38,NA,NA,"M",FALSE,FALSE,FALSE,FALSE,FALSE,TRUE,4,1,5
88,584,35,NA,NA,"F",FALSE,FALSE,FALSE,FALSE,FALSE,TRUE,4,1,5
88,585,40,NA,NA,"F",TRUE,FALSE,FALSE,TRUE,FALSE,TRUE,1,1,5
88,586,65,NA,NA,"F",FALSE,FALSE,FALSE,FALSE,FALSE,TRUE,4,1,4
88,587,60,NA,NA,"M",FALSE,FALSE,FALSE,FALSE,FALSE,TRUE,4,1,4
89,588,30,NA,NA,"F",TRUE,FALSE,FALSE,FALSE,FALSE,FALSE,1,1,5
89,589,NA,NA,NA,"F",FALSE,FALSE,FALSE,FALSE,TRUE,FALSE,5,2,1
90,590,5,NA,NA,"M",TRUE,FALSE,FALSE,FALSE,FALSE,FALSE,1,1,2
90,591,32,NA,NA,"F",TRUE,FALSE,FALSE,FALSE,FALSE,FALSE,1,1,5
90,592,33,NA,NA,"F",TRUE,FALSE,FALSE,FALSE,FALSE,FALSE,1,2,2
90,593,33,NA,NA,"M",TRUE,FALSE,FALSE,FALSE,FALSE,FALSE,2,2,2
90,594,59,NA,NA,"F",TRUE,FALSE,FALSE,FALSE,FALSE,FALSE,1,1,5
90,595,63,NA,NA,"M",TRUE,FALSE,FALSE,FALSE,FALSE,FALSE,1,1,5
91,596,28,NA,NA,"F",TRUE,FALSE,FALSE,FALSE,FALSE,FALSE,1,1,5
91,597,36,NA,NA,"M",TRUE,FALSE,FALSE,FALSE,FALSE,FALSE,1,1,4
91,598,NA,NA,NA,"F",TRUE,FALSE,FALSE,FALSE,FALSE,FALSE,5,1,3
91,599,NA,NA,NA,"F",FALSE,FALSE,FALSE,FALSE,TRUE,FALSE,4,1,1
92,600,3,NA,NA,"M",TRUE,FALSE,FALSE,FALSE,FALSE,FALSE,1,1,5
92,601,28,NA,NA,"F",TRUE,FALSE,FALSE,FALSE,FALSE,TRUE,1,1,5
92,602,30,NA,NA,"M",TRUE,FALSE,FALSE,FALSE,FALSE,FALSE,1,1,4
92,603,26,NA,NA,"F",TRUE,FALSE,FALSE,FALSE,FALSE,FALSE,2,1,3
92,604,69,NA,NA,"F",FALSE,FALSE,FALSE,FALSE,FALSE,TRUE,2,1,4
93,605,2,NA,NA,"M",FALSE,FALSE,FALSE,FALSE,FALSE,TRUE,3,2,3
93,606,3,NA,NA,"M",TRUE,FALSE,FALSE,FALSE,FALSE,FALSE,1,1,5
93,607,38,NA,NA,"F",TRUE,FALSE,FALSE,FALSE,FALSE,FALSE,1,1,5
93,608,37,NA,NA,"M",TRUE,FALSE,FALSE,FALSE,FALSE,FALSE,1,1,5
93,609,23,NA,NA,"F",FALSE,FALSE,FALSE,FALSE,FALSE,TRUE,4,1,3
93,610,65,NA,NA,"F",FALSE,FALSE,FALSE,FALSE,FALSE,TRUE,2,1,4
93,611,69,NA,NA,"M",FALSE,FALSE,FALSE,FALSE,FALSE,TRUE,2,1,4
93,612,NA,NA,NA,"F",FALSE,FALSE,FALSE,FALSE,FALSE,TRUE,3,1,3
93,613,NA,NA,NA,"F",FALSE,FALSE,FALSE,FALSE,FALSE,TRUE,3,1,3
93,614,NA,NA,NA,"F",FALSE,FALSE,FALSE,FALSE,FALSE,TRUE,3,2,1
93,615,NA,NA,NA,"F",FALSE,FALSE,FALSE,FALSE,FALSE,TRUE,3,1,1
93,616,NA,NA,NA,"M",FALSE,FALSE,FALSE,FALSE,FALSE,TRUE,3,2,1
93,617,NA,NA,NA,"M",FALSE,FALSE,FALSE,FALSE,FALSE,TRUE,2,1,1
93,618,NA,NA,NA,"F",FALSE,FALSE,FALSE,FALSE,FALSE,TRUE,3,2,1
94,619,2,NA,NA,"M",TRUE,FALSE,FALSE,FALSE,TRUE,FALSE,1,1,5
94,620,32,NA,NA,"F",TRUE,FALSE,FALSE,FALSE,TRUE,FALSE,1,1,5
94,621,33,NA,NA,"M",TRUE,FALSE,FALSE,FALSE,TRUE,FALSE,1,1,5
94,622,27,NA,NA,"F",FALSE,FALSE,FALSE,FALSE,TRUE,FALSE,4,NA,4
94,623,35,NA,NA,"M",FALSE,FALSE,FALSE,FALSE,TRUE,FALSE,4,NA,4
94,624,NA,NA,NA,"F",FALSE,FALSE,FALSE,FALSE,TRUE,FALSE,5,1,1
94,625,NA,NA,NA,"F",FALSE,FALSE,FALSE,FALSE,TRUE,FALSE,5,2,1
95,626,20,NA,NA,"F",TRUE,FALSE,FALSE,FALSE,FALSE,FALSE,1,1,5
95,627,20,NA,NA,"F",FALSE,FALSE,FALSE,FALSE,TRUE,FALSE,2,1,5
95,628,20,NA,NA,"M",TRUE,FALSE,FALSE,FALSE,FALSE,FALSE,1,1,3
95,629,30,NA,NA,"F",TRUE,FALSE,FALSE,FALSE,FALSE,FALSE,1,1,4
96,630,25,NA,NA,"F",TRUE,FALSE,FALSE,TRUE,TRUE,FALSE,1,1,5
96,631,26,NA,NA,"M",TRUE,FALSE,FALSE,FALSE,FALSE,FALSE,1,1,5
96,632,NA,50,60,"M",TRUE,FALSE,FALSE,FALSE,FALSE,FALSE,2,1,2
96,633,NA,40,50,"F",FALSE,FALSE,FALSE,FALSE,FALSE,TRUE,1,1,3
96,634,NA,20,30,"F",FALSE,FALSE,FALSE,FALSE,TRUE,FALSE,3,1,4
96,635,NA,50,60,"F",FALSE,FALSE,FALSE,FALSE,TRUE,FALSE,5,2,1
97,636,2,NA,NA,"M",FALSE,FALSE,FALSE,FALSE,TRUE,FALSE,4,2,3
97,637,3,NA,NA,"M",FALSE,FALSE,FALSE,FALSE,TRUE,FALSE,4,2,2
97,638,6,NA,NA,"F",FALSE,FALSE,FALSE,FALSE,TRUE,FALSE,4,1,2
97,639,34,NA,NA,"F",TRUE,FALSE,FALSE,FALSE,FALSE,FALSE,1,1,5
97,640,33,NA,NA,"F",FALSE,FALSE,FALSE,FALSE,TRUE,FALSE,4,1,3
97,641,45,NA,NA,"M",TRUE,FALSE,FALSE,FALSE,FALSE,FALSE,1,1,5
97,642,45,NA,NA,NA,FALSE,FALSE,FALSE,FALSE,FALSE,FALSE,NA,NA,NA
97,643,40,NA,NA,"F",FALSE,FALSE,FALSE,FALSE,TRUE,FALSE,4,2,2
97,644,NA,NA,NA,"F",FALSE,FALSE,FALSE,FALSE,TRUE,FALSE,5,1,3
97,645,NA,NA,NA,"F",FALSE,FALSE,FALSE,FALSE,TRUE,FALSE,3,2,1
97,646,NA,NA,NA,"M",FALSE,FALSE,FALSE,FALSE,FALSE,TRUE,4,1,3
98,647,16,NA,NA,"M",TRUE,FALSE,FALSE,FALSE,FALSE,FALSE,1,1,5
98,648,11,NA,NA,"F",TRUE,FALSE,FALSE,FALSE,FALSE,FALSE,1,1,4
98,649,28,NA,NA,"F",TRUE,FALSE,FALSE,FALSE,FALSE,FALSE,2,1,4
98,650,21,NA,NA,"F",TRUE,FALSE,FALSE,FALSE,FALSE,FALSE,1,1,5
98,651,26,NA,NA,"M",TRUE,FALSE,FALSE,FALSE,FALSE,FALSE,1,1,5
98,652,33,NA,NA,"F",TRUE,FALSE,FALSE,FALSE,FALSE,FALSE,1,1,5
98,653,30,NA,NA,"F",TRUE,FALSE,FALSE,FALSE,FALSE,FALSE,1,1,3
99,654,4,NA,NA,"M",FALSE,FALSE,FALSE,FALSE,FALSE,TRUE,4,2,1
99,655,31,NA,NA,"F",TRUE,FALSE,FALSE,TRUE,FALSE,TRUE,1,1,5
99,656,31,NA,NA,"F",FALSE,FALSE,FALSE,TRUE,FALSE,TRUE,4,2,4
99,657,31,NA,NA,"F",FALSE,FALSE,FALSE,FALSE,FALSE,TRUE,4,2,4
99,658,60,NA,NA,"F",FALSE,FALSE,FALSE,FALSE,FALSE,TRUE,4,2,4
99,659,NA,NA,NA,"F",FALSE,FALSE,FALSE,FALSE,FALSE,TRUE,4,2,3
99,660,NA,NA,NA,"F",FALSE,FALSE,FALSE,FALSE,FALSE,TRUE,4,2,2
99,661,NA,NA,NA,"F",FALSE,FALSE,FALSE,FALSE,FALSE,TRUE,5,2,1
100,662,41,NA,NA,"F",TRUE,FALSE,FALSE,FALSE,FALSE,TRUE,NA,2,NA
101,663,3,NA,NA,"F",TRUE,FALSE,FALSE,FALSE,TRUE,FALSE,4,1,5
101,664,34,NA,NA,"M",TRUE,FALSE,FALSE,FALSE,TRUE,FALSE,3,1,5
101,665,28,NA,NA,"F",TRUE,FALSE,FALSE,FALSE,TRUE,FALSE,3,1,5
101,666,32,NA,NA,"M",FALSE,FALSE,FALSE,FALSE,TRUE,FALSE,4,2,5
101,667,30,NA,NA,"F",TRUE,FALSE,FALSE,FALSE,TRUE,FALSE,4,1,5
101,668,36,NA,NA,"F",TRUE,FALSE,FALSE,FALSE,TRUE,FALSE,1,1,5
101,669,33,NA,NA,"M",TRUE,FALSE,FALSE,FALSE,TRUE,FALSE,1,1,5
101,670,NA,NA,NA,"F",FALSE,FALSE,FALSE,FALSE,FALSE,TRUE,2,2,1
102,671,0,NA,NA,"M",FALSE,FALSE,FALSE,FALSE,FALSE,TRUE,5,2,3
102,672,0,NA,NA,"F",TRUE,FALSE,FALSE,FALSE,FALSE,FALSE,2,2,4
102,673,28,NA,NA,"F",TRUE,FALSE,FALSE,FALSE,FALSE,TRUE,1,1,5
102,674,30,NA,NA,"M",TRUE,FALSE,FALSE,FALSE,FALSE,FALSE,1,1,3
102,675,28,NA,NA,"F",TRUE,FALSE,FALSE,FALSE,TRUE,FALSE,2,1,4
102,676,NA,NA,NA,"F",FALSE,FALSE,FALSE,FALSE,FALSE,TRUE,5,1,1
102,677,NA,NA,NA,"F",FALSE,FALSE,FALSE,FALSE,FALSE,TRUE,4,2,3
102,678,NA,NA,NA,"F",FALSE,FALSE,FALSE,FALSE,FALSE,TRUE,5,2,3
103,679,4,NA,NA,"F",FALSE,FALSE,FALSE,FALSE,TRUE,FALSE,3,1,4
103,680,6,NA,NA,"F",TRUE,FALSE,FALSE,TRUE,TRUE,FALSE,1,1,5
103,681,35,NA,NA,"F",TRUE,FALSE,FALSE,TRUE,TRUE,FALSE,1,1,5
103,682,33,NA,NA,"M",TRUE,FALSE,FALSE,TRUE,TRUE,FALSE,1,1,5
103,683,35,NA,NA,"F",FALSE,FALSE,FALSE,FALSE,TRUE,FALSE,3,1,4
103,684,34,NA,NA,"F",FALSE,FALSE,FALSE,FALSE,TRUE,FALSE,4,1,4
103,685,40,NA,NA,"M",FALSE,FALSE,FALSE,FALSE,TRUE,FALSE,4,1,4
103,686,NA,NA,NA,"F",FALSE,FALSE,FALSE,FALSE,TRUE,FALSE,4,1,4
103,687,NA,NA,NA,"F",FALSE,FALSE,FALSE,FALSE,TRUE,FALSE,3,1,4
103,688,NA,NA,NA,NA,FALSE,FALSE,FALSE,FALSE,FALSE,FALSE,NA,NA,NA
104,689,4,NA,NA,"M",TRUE,FALSE,FALSE,FALSE,FALSE,FALSE,1,1,4
104,690,36,NA,NA,"F",TRUE,FALSE,FALSE,FALSE,FALSE,FALSE,1,1,5
104,691,38,NA,NA,"M",TRUE,FALSE,FALSE,FALSE,FALSE,FALSE,1,1,4
104,692,NA,NA,NA,NA,FALSE,FALSE,FALSE,TRUE,FALSE,FALSE,2,2,1
105,693,4,NA,NA,"M",TRUE,FALSE,FALSE,FALSE,FALSE,FALSE,1,1,5
105,694,37,NA,NA,"F",TRUE,FALSE,FALSE,FALSE,FALSE,FALSE,1,1,5
105,695,38,NA,NA,"M",TRUE,FALSE,FALSE,FALSE,FALSE,FALSE,1,1,5
105,696,63,NA,NA,"F",FALSE,FALSE,FALSE,FALSE,TRUE,FALSE,2,1,5
106,697,3,NA,NA,"M",TRUE,FALSE,FALSE,FALSE,FALSE,FALSE,1,1,3
106,698,26,NA,NA,"F",TRUE,FALSE,FALSE,FALSE,FALSE,FALSE,1,1,5
106,699,33,NA,NA,"M",TRUE,FALSE,FALSE,FALSE,FALSE,FALSE,1,1,4
106,700,31,NA,NA,"F",FALSE,FALSE,FALSE,FALSE,FALSE,TRUE,2,2,1
106,701,52,NA,NA,"F",FALSE,FALSE,FALSE,FALSE,FALSE,TRUE,1,1,2
106,702,41,NA,NA,"F",FALSE,FALSE,FALSE,FALSE,FALSE,TRUE,2,1,4
106,703,60,NA,NA,"F",FALSE,FALSE,FALSE,FALSE,TRUE,FALSE,5,2,2
107,704,2,NA,NA,"F",TRUE,FALSE,FALSE,TRUE,TRUE,TRUE,1,1,5
107,705,31,NA,NA,"F",TRUE,FALSE,FALSE,TRUE,TRUE,TRUE,1,1,5
107,706,31,NA,NA,"F",FALSE,FALSE,FALSE,FALSE,TRUE,FALSE,2,1,4
107,707,28,NA,NA,"F",FALSE,FALSE,FALSE,FALSE,TRUE,FALSE,2,1,4
107,708,28,NA,NA,"F",FALSE,FALSE,FALSE,FALSE,TRUE,FALSE,3,1,4
107,709,82,NA,NA,"F",FALSE,FALSE,FALSE,FALSE,FALSE,TRUE,4,1,3
108,710,2,NA,NA,"F",TRUE,FALSE,FALSE,FALSE,FALSE,FALSE,1,1,5
108,711,29,NA,NA,"F",TRUE,FALSE,FALSE,FALSE,FALSE,FALSE,1,1,5
108,712,29,NA,NA,"M",TRUE,FALSE,FALSE,FALSE,FALSE,FALSE,1,1,5
108,713,29,NA,NA,"M",TRUE,FALSE,FALSE,FALSE,FALSE,FALSE,4,1,5
109,714,11,NA,NA,"M",TRUE,FALSE,FALSE,FALSE,FALSE,TRUE,1,1,4
109,715,29,NA,NA,"F",FALSE,FALSE,FALSE,FALSE,FALSE,TRUE,2,1,5
109,716,21,NA,NA,"M",FALSE,FALSE,FALSE,FALSE,FALSE,TRUE,2,1,5
109,717,34,NA,NA,"F",FALSE,FALSE,FALSE,FALSE,FALSE,TRUE,2,1,5
109,718,32,NA,NA,"M",FALSE,FALSE,FALSE,FALSE,FALSE,TRUE,2,1,3
109,719,37,NA,NA,"F",TRUE,FALSE,FALSE,FALSE,FALSE,TRUE,1,1,5
109,720,57,NA,NA,"M",FALSE,FALSE,FALSE,FALSE,FALSE,TRUE,2,1,3
109,721,40,NA,NA,"M",FALSE,FALSE,FALSE,FALSE,FALSE,TRUE,4,2,3
109,722,62,NA,NA,"M",FALSE,FALSE,FALSE,FALSE,FALSE,TRUE,2,2,3
110,723,29,NA,NA,"F",TRUE,FALSE,FALSE,FALSE,FALSE,FALSE,1,1,5
110,724,NA,NA,NA,"F",FALSE,TRUE,FALSE,FALSE,FALSE,FALSE,4,1,1
111,725,33,NA,NA,"F",TRUE,FALSE,FALSE,FALSE,FALSE,FALSE,1,1,5
111,726,37,NA,NA,"M",TRUE,FALSE,FALSE,FALSE,FALSE,FALSE,1,1,5
112,727,26,NA,NA,"F",TRUE,FALSE,FALSE,TRUE,TRUE,FALSE,1,1,5
112,728,26,NA,NA,"M",TRUE,FALSE,FALSE,TRUE,TRUE,FALSE,1,1,5
112,729,24,NA,NA,"F",FALSE,FALSE,FALSE,FALSE,TRUE,FALSE,3,1,4
112,730,60,NA,NA,"M",FALSE,FALSE,FALSE,TRUE,TRUE,FALSE,3,1,4
112,731,58,NA,NA,"F",FALSE,FALSE,FALSE,TRUE,TRUE,FALSE,3,1,4
112,732,NA,NA,NA,"F",FALSE,FALSE,FALSE,FALSE,TRUE,FALSE,5,1,1
112,733,NA,NA,NA,"F",FALSE,FALSE,FALSE,FALSE,TRUE,FALSE,5,2,1
112,734,NA,NA,NA,"M",FALSE,FALSE,FALSE,FALSE,TRUE,FALSE,5,2,1
112,735,NA,NA,NA,"F",FALSE,FALSE,FALSE,FALSE,TRUE,FALSE,5,2,1
113,736,35,NA,NA,"F",TRUE,FALSE,FALSE,FALSE,TRUE,FALSE,1,1,5
113,737,65,NA,NA,"F",TRUE,FALSE,FALSE,FALSE,FALSE,FALSE,2,1,4
114,738,1,NA,NA,"M",TRUE,FALSE,FALSE,FALSE,FALSE,FALSE,1,1,5
114,739,4,NA,NA,"F",FALSE,FALSE,FALSE,FALSE,TRUE,FALSE,4,1,5
114,740,4,NA,NA,"F",FALSE,FALSE,FALSE,FALSE,TRUE,FALSE,4,1,5
114,741,7,NA,NA,"F",FALSE,FALSE,FALSE,FALSE,TRUE,FALSE,2,1,5
114,742,6,NA,NA,"M",FALSE,FALSE,FALSE,FALSE,TRUE,FALSE,4,1,4
114,743,31,NA,NA,"F",TRUE,FALSE,FALSE,FALSE,TRUE,FALSE,1,1,5
114,744,36,NA,NA,"M",TRUE,FALSE,FALSE,FALSE,TRUE,FALSE,1,1,5
114,745,55,NA,NA,"F",FALSE,FALSE,FALSE,FALSE,TRUE,FALSE,2,1,4
114,746,NA,NA,NA,"F",FALSE,FALSE,FALSE,FALSE,TRUE,FALSE,5,2,1
114,747,NA,NA,NA,"M",FALSE,FALSE,FALSE,FALSE,TRUE,FALSE,5,2,3
114,748,NA,NA,NA,"F",FALSE,FALSE,FALSE,FALSE,TRUE,FALSE,3,2,2
114,749,NA,NA,NA,"M",FALSE,FALSE,FALSE,FALSE,TRUE,FALSE,4,2,2
115,750,19,NA,NA,"M",TRUE,FALSE,FALSE,FALSE,FALSE,FALSE,1,1,5
115,751,26,NA,NA,"F",TRUE,FALSE,FALSE,FALSE,FALSE,FALSE,1,1,5
115,752,24,NA,NA,"M",FALSE,FALSE,TRUE,FALSE,FALSE,FALSE,1,1,5
115,753,76,NA,NA,"F",TRUE,FALSE,FALSE,FALSE,FALSE,TRUE,2,1,4
115,754,83,NA,NA,"M",TRUE,FALSE,FALSE,FALSE,FALSE,TRUE,1,1,4
115,755,50,NA,NA,"F",TRUE,FALSE,FALSE,FALSE,FALSE,FALSE,1,1,5
115,756,46,NA,NA,"F",TRUE,FALSE,FALSE,FALSE,FALSE,FALSE,2,1,3
115,757,44,NA,NA,"F",TRUE,FALSE,FALSE,FALSE,FALSE,FALSE,1,1,3
115,758,54,NA,NA,"M",TRUE,FALSE,FALSE,FALSE,FALSE,FALSE,3,1,3
115,759,60,NA,NA,"F",TRUE,FALSE,FALSE,FALSE,FALSE,FALSE,3,1,3
116,760,37,NA,NA,"F",TRUE,FALSE,FALSE,FALSE,FALSE,FALSE,1,1,5
116,761,43,NA,NA,"M",TRUE,FALSE,FALSE,FALSE,FALSE,FALSE,1,1,5
